,0
64070,46872.56240932463
64071,27376.24271851746
64072,27376.24271840229
64073,27376.242718432273
64074,27376.242718422152
74104,26239.248888503054
74105,31098.297039406978
74106,31098.297039381603
74107,26239.248888493596
74108,41444.30502567422
74110,38639.32783950139
74111,47449.72593251402
74113,112548.17500178702
74114,31098.29703939349
74115,27480.410438600622
74116,38749.79569476463
74117,27289.79129188352
74118,27289.79129188352
74119,27289.79129188352
74120,27289.79129188352
74121,26239.248888503338
74122,27342.768642158226
74123,27342.768642158226
74125,27342.768642158226
74126,27342.768642158226
74127,27342.768642158226
74128,27338.047442821487
74129,27338.047442821487
74130,27338.047442821487
74131,27338.047442821487
74132,38710.23838409217
74613,60817.083281059706
77769,23154.12414312616
77771,23154.12414312616
78671,53507.76869858311
78672,56240.94807862819
78673,48170.21829985081
78674,-128392.74196670575
78676,-128392.74196670575
78679,23154.77976397499
78680,23154.77976397499
78682,53189.821112131045
78683,38630.69527233821
78684,53189.821112131045
78685,182368.2103667549
78686,191183.14112173778
78687,180541.02564458788
78688,180541.02564458817
78689,58772.25826692597
78691,285823.10286450014
78693,-142078.35307032336
78694,-159104.5334599563
78695,-156601.9601071172
78696,-14362.92612996808
78697,90463.39980612998
78698,39887.499097265856
78699,39887.499097265856
78700,39887.499097265856
78701,39887.499097265856
78702,39887.499097265856
78746,26878.68773345426
78747,38033.30206993494
78748,38033.30206993494
78749,26878.68773345426
78750,38033.30206993494
78751,26878.68773345426
78756,49403.92162321179
78757,49403.92162321179
78758,49403.92162321179
78759,29166.744429202197
78760,49403.92162321179
78761,49403.92162321179
78762,29166.744429202197
78763,29166.744429202197
78764,37947.67757509579
78765,24860.31108200208
78766,24860.31108200208
78767,24860.31108200208
78769,26316.78410387459
78770,26316.78410387459
78771,26316.78410387459
78772,26316.78410387459
78773,26316.78410387459
78876,35665.487875146995
78877,35665.487875146995
78878,35665.487875146995
78879,35665.487875146995
78880,35665.487875146995
78881,25412.440987032584
78882,35665.487875146995
78883,35665.487875146995
78884,35665.487875146995
79297,112619.28192558678
79298,112619.28192558678
79299,112619.28192558678
79300,112619.28192558678
79303,112619.28192558678
79304,102483.19595529576
79305,18130.15614311937
79306,102483.19595529576
79307,102483.19595529576
79308,44745.97234175757
79310,391841.8640044435
79313,56218.29295702124
79326,330739.1580983192
79328,233235.65499558803
79333,59449.295502161985
79334,59449.295502161985
79335,59449.295502161985
79336,78231.100957592
79355,51906.9633307444
79356,51906.9633307444
79357,43460.43247878052
79358,43460.43247878052
79365,67776.93868482858
79368,116758.2395016225
79369,33698.637455460615
79371,-23728.68357426254
79374,512189.6441425965
79378,514624.0938705867
79400,26122.02492748401
79401,26122.02492748401
79402,26122.02492748401
79405,35545.41034968324
79413,23154.34564136385
79418,48484.04905070443
79419,39837.8848752264
79420,39837.8848752264
79421,39837.8848752264
79422,39790.81834240374
79423,39837.8848752264
79438,35995.71347156857
79439,52306.64744141097
79465,104453.51125247695
79470,44434.18686227505
79471,44434.18686227505
79472,-479950.9000055152
79473,-479950.9000055152
79474,-479950.9000055152
79475,-479950.9000055152
79476,-479950.9000055152
79477,-479950.9000055152
79478,181825.1401568707
79479,-31057.67065450363
79480,41292.03438115772
79481,-220215.2388741998
79482,-234619.82466599252
79484,185792.44650777522
79485,-479950.9000055152
79486,-315722.4814915238
79487,-479950.9000055152
79488,-479950.9000055152
79489,-180915.84418796096
79490,-479950.9000055152
79491,159779.76605812367
79492,246620.96540375333
79493,-180915.84418796096
79494,-252381.78064217046
79495,-337464.31064526225
79496,-144610.126332229
79501,-479950.9000055152
79502,-479950.9000055152
79503,-479950.9000055152
79504,-479950.9000055152
79505,132895.92345107213
79506,470790.5514871195
79507,466967.1255123784
79508,466967.1255123784
79509,455148.24635780975
79510,450518.579337685
79512,470790.5514871195
79513,470790.5514871195
79514,461756.7645575594
79515,461756.7645575594
79516,440267.0664085763
79517,456752.6220853068
79518,470790.5514871195
79519,461756.7645575594
79520,435905.9691659637
79521,414274.7379218249
79522,398449.00539970887
79523,374601.9207965258
79524,359374.6995637502
79525,346134.53089186957
79526,418018.90056489175
79527,446435.1903688322
79528,354479.79055941815
79529,428650.5467916208
79530,30780.54480733633
79531,30780.54480733633
79532,30780.54480733633
79533,30780.54480733633
79534,30780.54480733633
79535,30780.54480733633
79536,30780.54480733633
79537,30780.54480733633
79538,22303.496947528838
79579,88844.9333050074
79580,85388.07292445685
79581,85388.07292445685
79583,88844.9333050074
79584,27057.956895912394
79587,41346.74157681022
79590,41346.74157681022
79597,21251.040958841222
79598,19434.397178803672
79619,788781.7971867417
79620,788781.7971867417
79621,771408.7830390756
79622,788781.7971867417
79623,671367.2449268638
79624,788781.7971867417
79625,753263.2837186633
79626,761774.9504964857
79627,720186.6746354501
79633,240532.28287741813
79634,2070598.034733329
79635,1588655.6416004507
79636,1513372.8230809805
79637,1904420.0877968022
79638,2006944.0190913272
79639,1904420.0877968022
79640,2070598.034733329
79641,2070598.034733329
79642,1964145.4091484023
79643,2070598.034733329
79644,1933702.2199661
79645,1749715.1037158777
79646,1998999.7320696288
79647,1836216.7139769571
79648,1836169.288319926
79649,1695143.9832913345
79650,1706296.7076986127
79651,1763933.3841677888
79652,1426737.410529339
79653,1274161.5433550926
79654,1611037.9838212575
79655,1719844.2596702285
79656,1470894.7347658165
79657,1389221.9834826658
79658,1576527.221621235
79659,1587351.6232558878
79660,1674361.9274282234
79661,1864568.9655862034
79662,1746119.7322284505
79663,24066.96595367298
79664,24066.96595367298
79665,24066.96595367298
79666,385249.83996362006
79667,512189.6441425965
79668,479961.5454989439
79669,458180.2559727719
79670,530058.7167809429
79671,484036.7934989417
79672,566746.3289507683
79679,192932.85917239543
79680,66709.47994114074
79681,132781.5810003782
79685,-138751.47825520067
79686,464909.04389957245
79687,510224.2726841569
79705,422441.0635052719
79706,300845.93214220565
79707,88818.96991381758
79708,88818.96991381758
79709,88818.96991381758
79710,168721.51832162053
79711,140251.10387066344
79712,88818.96991381758
79713,88818.96991381758
79714,88818.96991381758
79715,88818.96991381758
79716,88818.96991381758
79718,65748.31112704652
79719,103149.15387053616
79720,35995.71347156857
79721,103149.15387053616
79722,116446.98361305718
79723,35995.71347156857
79726,69514.4213727017
79727,69514.4213727017
79728,37833.014413630706
79734,52736.81186197582
79743,107312.83763046254
79744,107312.83763046254
79746,107312.83763046254
79788,-173488.86369618145
79792,33698.637455460615
79795,547378.8921698071
79796,489933.3975241068
79798,502101.08809235785
79799,246133.25458373688
79800,347081.4301818544
79801,444256.47702315636
79803,443375.22801483236
79804,538173.5011910321
79805,126686.01784475008
79811,538173.5011910321
79813,404764.67985265143
79814,-6734.746644945582
79815,-562226.972866402
79816,150800.48604966234
79820,434106.9832271626
79821,55847.31564880248
79822,33234.30686708883
79823,33234.30686708883
79830,44847.67374561691
79845,112619.28192558678
79846,112619.28192558678
79847,112619.28192558678
79853,18130.15614311937
79905,-338447.80532653024
79906,-479950.9000055152
80178,132895.92345107213
80201,24996.952900106662
80202,24996.952900106662
80203,24996.952900106662
80211,24996.952900106662
80214,29536.140798588618
80215,29536.140798588618
80216,29536.140798588618
80217,29536.140798588618
80218,29536.140798588618
80219,29536.140798588618
80220,29536.140798588618
80221,29536.140798588618
80229,42477.12520610349
80230,36160.56580674906
80231,36160.56580674906
80232,25078.677404508206
80233,93506.31738916351
80234,93506.31738916351
80235,79705.58435826743
80236,79705.58435826743
80237,25043.555684355168
80238,25043.555684355168
80239,25043.555684355168
80240,25043.555684355168
80247,291765.27995930886
80248,351436.6047607898
80249,138180.20371297203
80250,138180.20371297203
80251,138180.20371297203
80252,138180.20371297203
80253,27892.38372912802
80254,27892.38372912802
80255,27892.38372912802
80256,27892.38372912802
80257,27892.38372912802
80258,27892.38372912802
80259,27892.38372912802
80260,32766.203696936056
80261,32766.203696936056
80262,83491.8864358314
80263,83491.8864358314
80264,83491.8864358314
80265,83491.8864358314
80266,83491.8864358314
80267,83491.8864358314
80268,83491.8864358314
80269,83491.8864358314
80270,61813.44880580678
80271,61813.44880580678
80272,83491.8864358314
80273,83491.8864358314
80274,83491.8864358314
80275,83491.8864358314
80276,83491.8864358314
80596,22303.493494905597
80888,23140.093277779488
80889,32162.172254266254
80890,25021.85912808158
80891,25021.85912808158
80892,25021.85912808158
80893,76015.30204206539
80894,72002.47798300668
80895,26873.827652196895
80896,26873.827652196895
80897,26873.827652196895
80898,26873.827652196895
80899,26873.827652196895
80900,26873.827652196895
80901,225635.03628740538
80902,342500.6587489609
80904,225635.03628740538
80905,519713.70078627946
80906,225635.03628740538
80907,270346.7616181575
80908,280859.5785526212
80909,107312.83763046254
80910,107312.83763046254
80911,218377.99146607495
80912,107312.83763046254
80913,24073.36078577349
80914,24073.36078577349
80915,24073.36078577349
80916,22303.492242879394
80919,251211.6788056027
80924,-562226.972866402
80928,54794.927256691575
81262,47798.18652623569
81295,47798.18652623569
81296,26262.647158873275
81297,26262.647158873275
81298,26262.647158873275
81299,26262.647158873275
81302,26262.647158873275
81304,47798.18652623569
81305,47798.18652623569
81306,47798.18652623569
81307,32057.702684297765
81308,47798.18652623569
81309,35501.78431312495
81310,35501.78431312495
81311,47798.18652623569
81312,47798.18652623569
81313,35501.78431312495
81316,35501.78431312495
81317,32057.702684297765
81318,35501.78431312495
81319,55353.71317726218
81320,55353.71317726218
81321,47479.571520039215
81322,47479.571520039215
81323,47479.571520039215
81324,47479.571520039215
81325,47479.571520039215
81327,47479.571520039215
81328,47479.571520039215
81329,47479.571520039215
81330,47479.571520039215
81331,47479.571520039215
81332,47479.571520039215
81333,27457.41065300195
81334,27457.41065300195
81335,27457.41065300195
81336,27457.41065300195
81337,27457.41065300195
81338,27457.41065300195
81339,27457.41065300195
81340,24068.620794773145
81341,24068.620794773145
81342,24068.620794773145
81343,24070.78135170258
81344,24070.78135170258
81353,56218.29295702124
81368,56218.29295702124
81370,502101.08809235785
81371,512189.6441425965
81372,574050.7525998689
81373,538173.5011910321
81374,549232.6041382151
81375,483172.42248038715
81376,471302.7521612388
81377,538173.5011910321
81378,69765.84798344411
81379,538173.5011910321
81380,483172.42248038715
81381,484783.6912227655
81382,538173.5011910321
81383,527053.3505521342
81384,446159.48225481156
81385,538173.5011910321
81386,538173.5011910321
81387,471302.7521612388
81388,512189.6441425965
81999,22303.493037985798
82000,31620.6596448856
82001,31620.6596448856
82002,31620.6596448856
82003,31620.6596448856
82004,44738.46553609293
82005,31620.6596448856
82006,31614.119754354004
82007,31614.119754354004
82011,44738.46553609293
82012,31620.6596448856
82014,31620.6596448856
82015,44738.46553609293
82016,31614.119754354004
82026,31620.6596448856
82029,31614.119754354004
82031,30879.327083163553
82032,30879.327083163553
82033,30879.327083163553
82034,30879.327083163553
82035,30879.327083163553
82036,30879.327083163553
82037,30879.327083163553
82038,25050.288743761557
82039,25050.288743761557
82040,25050.288743761557
82041,25050.288743761557
82042,26105.056921189018
82043,52332.455116875906
82044,52332.455116875906
82045,52332.455116875906
82046,26105.056921189018
82121,56218.29295702124
82173,25021.85912808158
82219,48756.13543423609
82220,41001.81120156884
82221,49971.88220146854
82222,66092.95402818226
82223,61477.46008989026
82224,62411.258434963514
82225,256014.18054469768
82227,153410.5927699497
82229,151857.1451575677
82233,121135.9905669312
82242,-23728.68357426254
82243,67776.93868482858
82281,25783.06971187998
82282,25783.06971187998
82283,25783.06971187998
82284,25783.06971187998
82285,25783.06971187998
82286,22303.49354055507
82368,24070.78135170258
82737,73758.20837368071
82738,144605.274411398
82751,71451.80737603927
82752,26106.593531158687
82753,85220.42130746602
82754,75122.34301400138
82755,69776.72532723402
82756,69776.72532723402
82757,85220.42130746602
82758,75122.34301400138
82759,69776.72532723402
82760,75122.34301400138
82761,75122.34301400138
82762,26129.641554008762
82763,37331.882561561986
82764,37331.882561561986
82765,37331.882561561986
82767,26129.641554008762
82768,-179476.63672127982
82772,-179476.63672127982
82774,-179476.63672127982
82775,-179476.63672127982
82776,-179476.63672127982
82778,-179476.63672127982
82779,-179476.63672127982
82780,-179476.63672127982
82781,22303.497129957308
82907,26881.418230603515
82908,26881.418230603515
82909,26881.418230603515
82910,26881.418230603515
82911,26881.418230603515
82912,26881.418230603515
82913,26881.418230603515
82914,22303.49779497154
82915,355301.07224042754
82916,510795.5563668611
82917,211397.3505770531
82918,24067.149755130922
82919,24067.149755130922
82920,24067.149755130922
82921,27804.610909875693
82922,27804.610909875693
82923,27804.610909875693
82924,27804.610909875693
82925,27804.610909875693
82926,27804.610909875693
82927,27804.610909875693
82943,33234.30686708883
82944,33234.30686708883
82945,33234.30686708883
83015,22303.497137452243
83016,24073.253147850395
83017,24073.253147850395
83018,24073.253147850395
83251,460085.8638931296
83252,211397.3505770531
83253,211397.3505770531
83254,211397.3505770531
83255,211397.3505770531
83256,211397.3505770531
83257,290796.55916513037
83258,172392.41228839703
83260,275595.491684761
83261,524485.139957466
83262,515920.55253448966
83263,253624.22644922265
83264,452210.8286413576
83265,491258.3452756169
83266,498306.41891876585
83267,414446.4807275882
83269,306526.382590839
83270,355301.07224042754
83271,433277.62852907344
83272,137639.66213702166
83275,300181.65512596234
83276,433981.3549939238
83362,387377.3190351835
83363,197812.2411772545
83364,279553.34227519843
83365,197812.2411772545
83366,197812.2411772545
83367,384590.0919672977
83368,25282.210944806713
83369,53189.821112131045
83370,46771.450709868484
83371,88818.96991381758
83372,-179476.63672127982
83373,-179476.63672127982
83374,-179476.63672127982
83375,-179476.63672127982
83376,-179476.63672127982
83377,-179476.63672127982
83378,-179476.63672127982
83379,-179476.63672127982
83524,42382.08466292836
83525,42382.08466292836
83526,42382.08466292836
83527,42382.08466292836
83528,42382.08466292836
83529,42382.08466292836
83530,42382.08466292836
83845,405827.6203807704
83846,88507.23983675893
83847,67776.93868482858
83848,127980.89650789369
83849,211416.27948714513
83853,224238.6541792769
83854,213477.26028443873
83980,67776.93868482858
83982,52373.74160533212
83983,67776.93868482858
83985,33698.637455460615
83988,67776.93868482858
83990,7053.720157630742
83991,160213.2444482725
83992,33698.637455460615
83993,182490.05914005172
83995,228521.4120904372
83997,54431.50235088356
83998,23154.11454658729
83999,23154.11454658729
84000,26031.82391335127
84001,26031.82391335127
84002,42382.08466292836
84180,33234.30686708883
84182,45042.79725448764
84186,88629.0024366905
84187,-79942.70583453006
84188,57776.68466164498
84189,-49999.684883972164
84190,-75268.34882908175
84191,-82135.70810563734
84192,-10190.86120609392
84193,-10190.86120609392
84194,27653.275124837433
84195,27653.275124837433
84196,27653.275124837433
84197,27653.275124837433
84198,27653.275124837433
84199,27653.275124837433
84200,41694.07401850242
84201,52360.9090799282
84202,41346.74157681022
84203,41346.74157681022
84204,41346.74157681022
84205,28465.69480255856
84206,21251.040958841222
84207,16447.63989444505
84208,16447.63989444505
84209,16447.63989444505
84210,16447.63989444505
84211,16447.63989444505
84212,16447.63989444505
84213,16447.63989444505
84214,16447.63989444505
84215,16447.63989444505
84216,43363.70025149504
84217,43363.70025149504
84218,43363.70025149504
84219,43363.70025149504
84220,43363.70025149504
84221,43363.70025149504
84222,31268.65867946088
84223,43363.70025149504
84224,29988.07667982974
84225,29988.07667982974
84226,29988.07667982974
84227,29988.07667982974
84228,29988.07667982974
84229,29988.07667982974
84230,29988.07667982974
84231,37895.14505700678
84232,37895.14505700678
84233,37895.14505700678
84234,37895.14505700678
84235,37895.14505700678
84236,113776.45756060368
84237,28154.549716905785
84238,28154.549716905785
84239,54180.160191590854
84240,34208.80342167329
84242,24993.278172437072
84243,24993.278172437072
84244,24993.278172437072
84245,24993.278172437072
84246,24993.278172437072
84247,22303.493317491404
84251,23154.497975243823
84252,23154.497975243823
84376,323971.0164177704
84377,197098.31271988666
84378,197098.31271988666
84379,53871.36790717067
84380,53871.36790717067
84381,53871.36790717067
84382,53871.36790717067
84383,53871.36790717067
84384,198110.38934090224
84385,35433.787647024525
84387,21251.040958841222
84389,21251.040958841222
84390,29942.70942201413
84391,46397.54432470989
84392,46397.54432470989
84394,231142.68140547164
84395,33698.637455460615
84396,24070.790530932005
84397,24070.790530932005
84398,24070.790530932005
84452,22303.493153346928
84453,22303.49249810905
84519,22303.4972231433
84522,39108.7335518855
84523,39108.7335518855
84524,39108.7335518855
84525,39108.7335518855
84526,39108.7335518855
84527,39108.7335518855
84528,39108.7335518855
84529,39108.7335518855
84530,39108.7335518855
84531,22303.497101950234
84570,24993.278172437072
84571,23154.276139419657
84572,23154.276139419657
84573,32809.58739211619
84574,41752.53648041411
84575,24993.278172437072
84577,80383.21795874645
84578,80383.21795874645
84608,80383.21795874645
84609,77770.64917309649
84775,48809.10930088695
84776,48809.10930088695
84777,48809.10930088695
84778,35083.38137343804
84779,35083.38137343804
84780,35083.38137343804
84781,35083.38137343804
84782,48809.10930088695
84783,35083.38137343804
84784,35083.38137343804
84785,35083.38137343804
84786,25094.171116455866
84787,25094.171116455866
84788,25094.171116455866
84789,25094.171116455866
84790,48484.04905070443
85032,39108.7335518855
85079,25039.250437954674
85080,25039.250437954674
85081,25039.250437954674
85082,25039.250437954674
85083,23154.240335949034
85084,23154.240335949034
85085,224238.6541792769
85086,224238.6541792769
85087,200322.588353605
85088,224238.6541792769
85089,261987.23311618576
85090,224238.6541792769
85091,224238.6541792769
85092,-25897.62479898025
85093,88507.23983675893
85094,224238.6541792769
85095,224238.6541792769
85098,224238.6541792769
85101,224238.6541792769
85102,382353.19541470683
85103,1340.8281934187107
85104,1340.8281934187107
85105,-391735.5674956654
85106,49391.40518021771
85107,36890.991005910524
85108,36890.991005910524
85109,36890.991005910524
85110,36890.991005910524
85111,36890.991005910524
85112,36890.991005910524
85113,36890.991005910524
85114,36890.991005910524
85115,1816687.053600281
85116,1931006.887622179
85117,1931006.887622179
85118,1872200.9023458243
85119,16835.443766334298
85120,16835.443766334298
85121,16835.443766334298
85122,16835.443766334298
85123,16835.443766334298
85124,16835.443766334298
85125,16835.443766334298
85126,16835.443766334298
85127,16835.443766334298
85128,16835.443766334298
85129,22303.493496872143
85130,25406.77996970762
85131,25406.77996970762
85132,25406.77996970762
85133,25406.77996970762
85134,25406.77996970762
85135,25406.77996970762
85136,25406.77996970762
85137,32766.191451262195
85138,32766.191451262195
85139,22303.496609496906
85140,31560.62841244202
85141,-880053.5847688504
85142,-880053.5847688504
85143,-880053.5847688504
85144,-880053.5847688504
85145,-880053.5847688504
85146,-880053.5847688504
85147,-880053.5847688504
85148,-880053.5847688504
85150,-880053.5847688504
85151,-880053.5847688504
85152,-880053.5847688504
85153,-880053.5847688504
85154,-880053.5847688504
85155,-880053.5847688504
85156,-880053.5847688504
85157,-880053.5847688504
85158,-880053.5847688504
85159,-880053.5847688504
85160,-880053.5847688504
85162,23154.28222109184
85163,23154.28222109184
85373,41752.53648041411
85374,35706.989945840425
85375,35706.989945840425
85376,41752.53648041411
85377,23154.465075948436
85378,23154.465075948436
85379,27163.765655966687
85380,27163.765655966687
85381,27163.765655966687
85382,27163.765655966687
85385,73164.04483485573
85386,73164.04483485573
85387,48823.28391116939
85388,68949.40032803056
85394,-138576.86362290313
85395,-416096.842490099
85396,-335155.6556575713
85397,-416096.842490099
85398,-416096.842490099
85399,-25897.62479898025
85401,-562226.972866402
85403,-25897.62479898025
85404,162041.6518272669
85405,488581.68542510364
85407,291541.1072560875
85410,-25897.62479898025
85626,33413.9616780001
85627,33413.9616780001
85798,31560.629393492047
85799,22303.495262044344
85856,97818.71465926385
85857,97818.71465926385
85858,97818.71465926385
85859,97818.71465926385
85860,97818.71465926385
85861,97818.71465926385
85862,-18501.3463829651
85863,-18501.3463829651
85864,-18501.3463829651
85865,-18501.3463829651
85866,-18501.3463829651
85867,-18501.3463829651
85868,-18501.3463829651
85869,-18501.3463829651
85870,-18501.3463829651
85871,-18501.3463829651
85872,-18501.3463829651
85873,-18501.3463829651
85875,-18501.3463829651
85877,-18501.3463829651
85878,-18501.3463829651
85879,36498.72069217028
85880,36498.72069217028
85881,36498.72069217028
85882,36498.72069217028
85883,36498.72069217028
85884,36498.72069217028
85885,36498.72069217028
85886,36498.72069217028
85887,36498.72069217028
85888,46949.67843238312
85889,46949.67843238312
85890,27338.35256843535
85891,27338.35256843535
85892,24302.515377531716
85893,-18501.3463829651
85999,-562226.972866402
86000,-562226.972866402
86001,-562226.972866402
86002,-562226.972866402
86003,-562226.972866402
86004,-562226.972866402
86005,-562226.972866402
86007,-562226.972866402
86008,-562226.972866402
86011,360811.8709599902
86012,-562226.972866402
86071,63940.707161158265
86079,619714.0840880432
86080,619714.0840880432
86242,36068.62218797002
86243,36068.62218797002
86244,36068.62218797002
86245,36068.62218797002
86246,36068.62218797002
86247,36068.62218797002
86248,36068.62218797002
86249,36068.62218797002
86250,24074.764160841194
86251,24074.764160841194
86252,24074.764160841194
86365,30287.258407592657
86374,22303.49270115336
86377,36244.48080392397
86378,22303.49378129252
86395,36244.48080392397
86454,125399.71882421465
86455,125399.71882421465
86456,378308.82088539295
86457,583972.4083365792
86459,125399.71882421465
86460,380738.01787615183
86461,450464.27086773387
86462,559140.989232199
86463,585511.3230427312
86464,551538.712522252
86465,573146.8626439017
86466,619714.0840880432
86467,453474.64896529645
86468,453474.64896529645
86469,453474.64896529645
86470,516690.97597406566
86471,595739.5458859142
86472,619714.0840880432
86473,595739.5458859142
86475,372255.6232909418
86476,460832.43923052214
86477,621617.3077107379
86478,125399.71882421465
86479,453474.64896529645
86480,453474.64896529645
86481,453474.64896529645
86483,621617.3077107379
86484,490348.5882493441
86485,559140.989232199
86486,591454.546150449
86578,37768.92002656673
86618,-14362.92612996808
86623,-121956.24218276213
86625,-27131.947294399317
86626,-23986.236749765172
86627,-166864.42564181518
86628,-78929.17226596829
86629,-158013.93075095583
86630,-158013.93075095583
86631,-113495.76401436504
86632,-143844.00700671622
86634,-158013.93075095583
86636,-128764.71300526417
86637,-143798.63451377535
86638,-158013.93075095583
86639,-158013.93075095583
86641,-159104.5334599563
86642,-159104.5334599563
86643,-158013.93075095583
86644,-14362.92612996808
86645,-156943.2542471746
86646,-158013.93075095583
86647,-138281.83658585325
86648,-151782.30979534425
86650,26122.02492748401
86652,24066.44614754412
86653,24066.44614754412
86654,27381.866455284624
86655,27381.866455284624
86656,27381.866455284624
86658,27381.866455284624
86659,37228.80683645018
86660,37228.80683645018
86661,62228.84771499595
86662,62228.84771499595
86663,26878.79897061531
86664,26878.79897061531
86665,26878.79897061531
86666,23153.493334801067
86667,23153.493334801067
86668,24070.999584135912
86669,24070.999584135912
86670,24070.999584135912
86671,26946.927877781374
86672,26946.927877781374
86673,26946.927877781374
86674,26946.927877781374
86675,22303.496260073727
86676,25056.997362728092
86677,25056.997362728092
86678,25056.997362728092
86679,25056.997362728092
86682,51907.16900911668
86683,51907.16900911668
86695,37768.92002656673
86697,37768.92002656673
86699,37768.92002656673
86812,447456.37540779426
86813,451902.0975549816
86817,582265.0185700732
86823,430412.3994059998
86825,22303.49425654731
86894,24071.18465079661
86895,24071.18465079661
86896,24071.18465079661
87153,263131.8716510499
87154,263131.8716510499
87157,55760.42011167346
87158,55760.42011167346
87159,55760.42011167346
87190,25068.14260906123
87191,25068.14260906123
87193,140507.83594252612
87194,301805.5249090679
87195,61084.71490081283
87196,263131.8716510499
87197,263131.8716510499
87198,25068.14260906123
87199,25068.14260906123
87200,27381.866455284624
87201,27381.866455284624
87202,24071.370552902656
87203,24071.370552902656
87204,24071.370552902656
87206,24066.44614754412
87225,28575.77910685965
87226,28575.77910685965
87227,23154.34564136385
87229,39038.41643764191
87230,39038.41643764191
87231,27589.07437033426
87232,39038.41643764191
87233,39038.41643764191
87363,177012.18061230678
87364,49643.79579319425
87365,35190.35502097947
87366,35190.35502097947
87367,35190.35502097947
87368,35190.35502097947
87369,35190.35502097947
87370,35190.35502097947
87371,35190.35502097947
87372,35190.35502097947
87373,35190.35502097947
87511,22303.495360381596
87589,28575.77910685965
87590,28575.77910685965
87591,28575.77910685965
87592,28575.77910685965
87596,28575.77910685965
87597,28575.77910685965
87603,111391.57178228316
87604,44019.360784264296
87605,44019.360784264296
87606,44019.360784264296
87607,44019.360784264296
87608,44019.360784264296
87609,44019.360784264296
87610,45889.84174790727
87611,25055.815380190325
87616,23154.308297465017
87618,23154.308297465017
87619,27434.25220051103
87620,27434.25220051103
87621,27434.25220051103
87622,27434.25220051103
87623,27434.25220051103
87624,27434.25220051103
87625,37370.99869710089
87626,37370.99869710089
87627,37370.99869710089
87628,37370.99869710089
87629,37370.99869710089
87630,37370.99869710089
87631,37370.99869710089
87632,37370.99869710089
87633,37370.99869710089
87634,37370.99869710089
87635,37370.99869710089
87636,37370.99869710089
87637,28154.203302365226
87638,28154.203302365226
87639,-555032.4199052453
87640,-555032.4199052453
87641,-555032.4199052453
87642,-555032.4199052453
87643,-555032.4199052453
87644,-555032.4199052453
87645,26226.609777355683
87646,26226.609777355683
87647,26226.609777355683
87648,26226.609777355683
87649,26808.82055722896
87650,26808.82055722896
87651,26808.82055722896
87652,26808.82055722896
87653,26808.82055722896
87654,26808.82055722896
87655,26808.82055722896
87656,24070.88730352286
87657,24070.88730352286
87658,24070.88730352286
87659,38059.73267202766
87660,38059.73267202766
87661,38059.73267202766
87662,38059.73267202766
87669,37768.92002656673
87724,31560.632041203717
87736,24116.061170598216
87737,23200.99368461282
87738,27105.399625185535
87739,27105.399625185535
87740,25055.815380190325
87741,25055.815380190325
87824,36244.48080392397
87825,36244.48080392397
87906,26946.927877781374
87907,26946.927877781374
87980,325565.5598270092
87981,176004.75984965265
87982,156059.35354367062
87983,110091.03355557052
87985,256014.18054469768
87986,79369.8352870628
87987,62746.982718129526
87988,62746.982718129526
87989,35480.16878389522
87990,35480.16878389522
87991,35480.16878389522
88375,25035.6730734784
88376,25035.6730734784
88377,25035.6730734784
88378,25035.6730734784
88545,26446.666180415676
88546,26446.666180415676
88547,26446.666180415676
88548,26446.666180415676
88549,26446.666180415676
88550,26446.666180415676
88551,22303.4936053544
88552,50216.32849583049
88553,43464.24753696445
88554,35468.29442633009
88555,56174.49099800836
88648,34776.79611888973
88649,34776.79611888973
88722,24066.584063044247
88723,24066.584063044247
88724,24066.584063044247
88813,22303.49459140194
88845,54445.8550976727
88846,49218.79209867645
88851,34057.44040478849
88852,34057.44040478849
88853,34057.44040478849
88935,71491.79402506107
88936,165767.14575728308
88937,68606.55002915068
88940,-555032.4199052453
88941,-555032.4199052453
88942,-555032.4199052453
88943,-555032.4199052453
88944,-555032.4199052453
88945,-555032.4199052453
88947,-555032.4199052453
88948,-555032.4199052453
88949,-555032.4199052453
88973,35480.16878389522
88974,26226.609777355683
89111,26273.500373043884
89112,26273.500373043884
89113,26273.500373043884
89114,26273.500373043884
89115,-134599.11143684087
89116,-134599.11143684087
89117,-134599.11143684087
89118,-134599.11143684087
89119,-270400.9655741289
89120,-270736.8036282869
89121,-134599.11143684087
89122,-134599.11143684087
89123,-224420.20842771482
89124,-270736.8036282869
89125,-270400.9655741289
89126,-258083.9637411045
89127,-96191.6267322497
89128,18130.15614311937
89129,18130.15614311937
89130,18130.15614311937
89131,18130.15614311937
89132,18130.15614311937
89133,18130.15614311937
89134,18130.15614311937
89135,18130.15614311937
89136,18130.15614311937
89137,18130.15614311937
89138,18130.15614311937
89139,28739.943725568475
89140,28739.943725568475
89141,28739.943725568475
89142,28739.943725568475
89143,-9763.473539153507
89144,-9763.473539153507
89145,-9763.473539153507
89146,-9763.473539153507
89147,-9763.473539153507
89148,-9763.473539153507
89149,-9763.473539153507
89150,-9763.473539153507
89151,-9763.473539153507
89153,-9763.473539153507
89155,-9763.473539153507
89156,27081.279682136854
89157,27081.279682136854
89158,27081.279682136854
89159,27081.279682136854
89160,27081.279682136854
89161,27081.279682136854
89162,27081.279682136854
89163,24071.91776993776
89165,24071.91776993776
89166,24069.404552454995
89167,24069.404552454995
89168,24069.404552454995
89196,27105.399625185535
89197,27105.399625185535
89198,36717.33931052577
89199,36717.33931052577
89200,27105.399625185535
89266,22303.492069009437
89270,22303.495119341962
89271,25054.56351201146
89272,25054.56351201146
89273,25054.56351201146
89274,25054.56351201146
89282,38676.69607404001
89283,28048.75812264427
89284,28048.75812264427
89285,28048.75812264427
89286,36548.98190688227
89287,28048.75812264427
89288,28048.75812264427
89289,36548.98190688227
89290,28048.75812264427
89291,45306.40190146002
89292,37635.895034290705
89293,27071.840213584976
89336,40925.68483420457
89352,22303.493493695736
89353,25064.31984134332
89356,25064.31984134332
89358,25064.31984134332
89359,25064.31984134332
89420,35455.00493969642
89421,25057.42362108628
89422,32766.27085163156
89423,32766.27085163156
89424,24040.311371199707
89425,23154.388868607675
89426,23154.388868607675
89427,22303.49450641797
89434,291541.1072560875
89435,26273.500373043884
89441,-253031.68501372606
89442,215819.0844391659
89443,256014.18054469768
89444,256014.18054469768
89446,291541.1072560875
89447,156059.35354367062
89448,256014.18054469768
89449,256014.18054469768
89450,256014.18054469768
89454,256014.18054469768
89541,23154.14457547495
89542,34036.70386066369
89543,34036.70386066369
89544,23153.964317470505
89548,24068.745003744698
89549,25038.575771881362
89550,25038.575771881362
89551,24792.063186876723
89552,23154.456815302903
89553,55726.499352743835
89656,-253031.68501372606
89657,-253031.68501372606
89658,-253031.68501372606
89659,-253031.68501372606
89660,-253031.68501372606
89661,-253031.68501372606
89662,-253031.68501372606
89666,31614.119754354004
89667,26231.55334245596
89668,26231.55334245596
89669,40925.68483420457
89672,26231.55334245596
89676,334245.8341890278
89677,396474.6995531125
89678,396474.6995531125
89679,334245.8341890278
89680,334245.8341890278
89681,334245.8341890278
89682,334245.8341890278
89683,334245.8341890278
89684,334245.8341890278
89685,396474.6995531125
89686,334245.8341890278
89687,396474.6995531125
89688,334245.8341890278
89689,-253031.68501372606
89690,-253031.68501372606
89691,-253031.68501372606
89692,-253031.68501372606
89693,-253031.68501372606
89694,-253031.68501372606
89695,-253031.68501372606
89696,25095.431208337075
89697,25095.431208337075
89700,25095.431208337075
89701,25095.431208337075
89797,28048.75812264427
89798,36548.98190688227
89841,24792.063186876723
89842,23153.964317470505
89843,23154.14457547495
89879,24024.427941253853
89880,24024.427941253853
89893,-58822.956074084155
89894,-63814.689019486774
89895,-68797.30986885354
89896,-92458.77981350245
89897,11806.330360733438
89898,-63814.689019486774
89976,-74622.0360284117
89977,1577.9372423100285
89978,-27755.560848467518
89979,1577.9372423100285
89981,-74622.0360284117
89982,1577.9372423100285
89983,-39063.78571826662
89985,-63814.689019486774
89988,-63814.689019486774
89991,-66869.5102477686
89992,24075.337641379643
89993,24075.337641379643
89994,24075.337641379643
89995,-27919.11688050322
89996,-27919.11688050322
89997,-27919.11688050322
89998,-27919.11688050322
89999,-27919.11688050322
90000,-27919.11688050322
90001,-27919.11688050322
90002,-27919.11688050322
90003,-27919.11688050322
90004,-27919.11688050322
90005,28934.514794740462
90006,28934.514794740462
90007,28934.514794740462
90010,28934.514794740462
90011,28934.514794740462
90012,48632.00578658434
90013,27312.997574073648
90014,-302221.1355374025
90015,-302221.1355374025
90016,-302221.1355374025
90017,-302221.1355374025
90018,-302221.1355374025
90019,-302221.1355374025
90020,-302221.1355374025
90021,-302221.1355374025
90022,-302221.1355374025
90023,-302221.1355374025
90024,-302221.1355374025
90025,-302221.1355374025
90026,-302221.1355374025
90027,-302221.1355374025
90028,-302221.1355374025
90029,-302221.1355374025
90030,408560.5833341833
90147,25062.159010282267
90148,25062.159010282267
90149,25062.159010282267
90150,25062.159010282267
90295,28657.437995170898
90296,50739.34278966155
90316,23153.807887342446
90317,23153.807887342446
90318,23154.218240126924
90319,23154.218240126924
90320,22306.584314631218
90321,22306.584314631218
90322,22306.584314631218
90323,22306.584314631218
90324,22306.584314631218
90325,22306.584314631218
90326,22306.584314631218
90327,22306.584314631218
90328,22306.584314631218
90370,24067.61179800955
90371,24067.61179800955
90544,24071.91776993776
90545,27575.851093990765
90546,27575.851093990765
90547,27575.851093990765
90549,27312.997574073648
90550,27312.997574073648
90551,27312.997574073648
90649,402744.8491308908
90650,402744.8491308908
90651,330739.1580983192
90652,347585.97577155806
90665,-985061.9810938581
90666,-985061.9810938581
90667,-985061.9810938581
90673,-985061.9810938581
90674,-985061.9810938581
90676,25969.80482448543
90677,25969.80482448543
90678,25969.80482448543
90679,25969.80482448543
90680,25969.80482448543
90681,22303.492432683786
90691,127290.34723396727
90692,127290.34723396727
90693,127290.34723396727
90694,127290.34723396727
90695,127290.34723396727
90696,127290.34723396727
90697,127290.34723396727
90698,127290.34723396727
90699,127290.34723396727
90700,127290.34723396727
90701,127290.34723396727
90702,34298.10035161259
90703,-985061.9810938581
90704,-985061.9810938581
90705,-985061.9810938581
90706,-985061.9810938581
90707,-985061.9810938581
90708,-985061.9810938581
90709,-985061.9810938581
90710,-985061.9810938581
90712,-985061.9810938581
90713,-985061.9810938581
90714,127290.34723396727
90715,22303.49699753007
90716,23154.254539624504
90717,23154.398860356378
90718,23154.398860356378
90719,43464.247343207695
90720,43464.82839681642
90822,23154.254539624504
90851,22303.492302763618
91051,22303.495034404696
91104,418331.9732859642
91178,22303.49422275088
91182,27312.997574073648
91183,27312.997574073648
91378,33553.86551273272
91379,33553.86551273272
91380,33553.86551273272
91381,33553.86551273272
91382,33553.86551273272
91383,33553.86551273272
91384,33553.86551273272
91385,33553.86551273272
91386,33553.86551273272
91387,23154.393869877305
91388,23154.393869877305
91389,69514.4213727017
91390,26247.98776947485
91391,26247.98776947485
91392,26247.98776947485
91394,26247.98776947485
91396,26008.174456545188
91399,26008.174456545188
91400,48632.00578658434
91401,48632.00578658434
91402,48632.00578658434
91403,166698.32296359533
91404,166698.32296359533
91406,166698.32296359533
91408,166698.32296359533
91409,166698.32296359533
91410,166698.32296359533
91412,166698.32296359533
91413,166698.32296359533
91415,24075.60425966233
91416,25031.81482603828
91417,25031.81482603828
91418,25031.81482603828
91419,25031.81482603828
91420,40780.042838540074
91421,35443.05210157817
91423,24086.85323136097
91424,22303.496597507474
91435,1577.9372423100285
91443,66709.47994114074
91445,166698.32296359533
91446,166698.32296359533
91447,166698.32296359533
91448,166698.32296359533
91479,23154.46898556834
91494,23154.46898556834
91495,23155.453050990713
91496,25057.42362108628
91497,25057.42362108628
91498,25054.27772548431
91499,25054.27772548431
91500,25054.27772548431
91501,25054.27772548431
91507,32764.86376728615
91570,23154.456815302903
91608,26008.174456545188
91609,26008.174456545188
91610,26008.174456545188
91611,46457.482228353285
91612,34021.60404704159
91613,34021.60404704159
91614,24075.60425966233
91623,24075.60425966233
91627,27175.89513782516
91628,27175.89513782516
91629,27175.89513782516
91630,27175.89513782516
91631,27175.89513782516
91632,27175.89513782516
91658,26247.98776947485
91660,37833.014413630706
91661,47779.15185394407
91662,37833.014413630706
91663,64077.95029786945
91664,64077.95029786945
91793,27169.715117615728
91839,22303.49707189169
91841,48632.00578658434
91982,23154.337046004803
91983,23154.337046004803
91984,41921.95057772056
92152,1413903.8383652358
92278,35467.54315573636
92396,24078.140522861482
92397,24078.140522861482
92398,24078.140522861482
92399,24068.802787209905
92400,24068.802787209905
92401,24068.802787209905
92402,23154.289150653778
92403,23154.289150653778
92404,-62721.85845156436
92405,-62721.85845156436
92406,-62721.85845156436
92407,-62721.85845156436
92408,-62721.85845156436
92409,-62721.85845156436
92410,-62721.85845156436
92411,-62721.85845156436
92412,-62721.85845156436
92413,-62721.85845156436
92414,-62721.85845156436
92415,-238738.7963159825
92416,-62721.85845156436
92417,-4714.331366674131
92418,-4714.331366674131
92419,-4714.331366674131
92420,-4714.331366674131
92421,-4714.331366674131
92422,-4714.331366674131
92423,-4714.331366674131
92424,-4714.331366674131
92425,-4714.331366674131
92426,-4714.331366674131
92427,-4714.331366674131
92428,-4714.331366674131
92429,-4714.331366674131
92430,-4714.331366674131
92431,-4714.331366674131
92432,24062.162348170896
92433,24062.162348170896
92434,24062.162348170896
92435,-14579.369868355934
92436,-14579.369868355934
92437,-14579.369868355934
92438,-14579.369868355934
92439,-14579.369868355934
92440,-14579.369868355934
92441,-14579.369868355934
92442,-14579.369868355934
92443,-14579.369868355934
92444,-14579.369868355934
92445,-14579.369868355934
92446,155780.40650789937
92447,155780.40650789937
92448,155780.40650789937
92449,155780.40650789937
92450,30231.978225508035
92451,30231.978225508035
92452,30231.978225508035
92453,30231.978225508035
92454,30231.978225508035
92455,30231.978225508035
92456,30231.978225508035
92457,30231.978225508035
92458,23154.68459003922
92459,23154.68459003922
92473,22303.49653540797
92554,256817.72591818907
92555,256817.72591818907
92556,33904.9762363004
92557,33904.9762363004
92558,33904.9762363004
92559,33904.9762363004
92560,33904.9762363004
92561,33904.9762363004
92562,33904.9762363004
92565,27048.523216128466
92566,27048.523216128466
92567,27048.523216128466
92568,27048.523216128466
92569,27048.523216128466
92570,27048.523216128466
92662,728678.9716282128
92663,728678.9716282128
92690,24067.61179800955
92736,26008.244009074413
92737,26008.244009074413
92738,26008.244009074413
92860,26008.244009074413
92861,26008.244009074413
92893,26049.111271152433
92895,26049.111271152433
92896,26049.111271152433
92897,26049.111271152433
92898,26049.111271152433
92933,81474.31856377347
92934,331879.1030138277
92935,149974.3164499044
92936,82663.30755388306
92940,82663.30755388306
92941,82663.30755388306
92945,82663.30755388306
92946,82663.30755388306
92948,507830.7790735017
92949,197480.08450669172
92950,507830.7790735017
92953,387638.92099560675
92954,172392.41228839703
92955,197480.08450669172
92956,172392.41228839703
92957,106732.2610746024
92958,451204.27075788507
92959,403231.4638214345
92960,172392.41228839703
92962,22303.495983312132
92964,22303.497989320873
92965,38676.69204134884
93090,155780.40650789937
93091,155780.40650789937
93092,155780.40650789937
93093,155780.40650789937
93094,155780.40650789937
93095,155780.40650789937
93097,155780.40650789937
93098,155780.40650789937
93099,155780.40650789937
93193,226144.19848642324
93194,226144.19848642324
93195,226144.19848642324
93196,226144.19848642324
93197,24072.824025470865
93198,24072.824025470865
93199,24072.824025470865
93248,12544.522136424188
93249,12544.522136424188
93250,12544.522136424188
93251,12544.522136424188
93252,12544.522136424188
93253,12544.522136424188
93254,12544.522136424188
93256,12544.522136424188
93257,12544.522136424188
93258,31666.474175907184
93259,20817.996039207675
93260,20817.996039207675
93261,23365.7723399519
93262,23365.7723399519
93263,23365.7723399519
93264,23365.7723399519
93265,23365.7723399519
93266,23154.844018130505
93267,23154.844018130505
93269,31560.630461318055
93270,226144.19848642324
93271,226144.19848642324
93272,226144.19848642324
93365,47323.71749145957
93388,27750.209756902674
93389,27750.209756902674
93390,27750.209756902674
93391,27750.209756902674
93392,27750.209756902674
93393,27750.209756902674
93405,27589.07315773444
93406,12544.522136424188
93407,12544.522136424188
93427,26292.55469112344
93428,26292.55469112344
93429,26292.55469112344
93430,26292.55469112344
93431,26292.55469112344
93462,26292.55469112344
93463,26292.55469112344
93464,26292.55469112344
93469,25062.356085463398
93470,25062.356085463398
93471,25062.356085463398
93472,25062.356085463398
93504,26102.251519034544
93505,26102.251519034544
93506,26102.251519034544
93507,26102.251519034544
93669,27769.15397856319
93670,27769.15397856319
93671,27769.15397856319
93672,27769.15397856319
93673,27769.15397856319
93715,104839.70728455082
93716,70005.92376676737
93717,309526.73174615717
93718,40044.90863059356
93719,124608.68897555902
93720,203163.95976284693
93721,2968.040109383641
93724,40044.90863059356
93728,2968.040109383641
93729,306347.6463207905
93732,117207.64341526316
93736,23154.684881968562
93737,23154.684881968562
94020,27769.15397856319
94021,27769.15397856319
94088,25903.36323980857
94089,25903.36323980857
94090,25903.36323980857
94091,25903.36323980857
94092,25903.36323980857
94093,23154.66478928097
94094,23154.66478928097
94095,28538.547111910004
94097,28538.547111910004
94098,28538.547111910004
94100,28538.547111910004
94101,28538.547111910004
94102,35475.11619023794
94103,35475.11619023794
94104,35475.11619023794
94105,35475.11619023794
94106,26241.45503137324
94107,26241.45503137324
94108,26241.45503137324
94109,24074.518078968154
94110,24074.518078968154
94111,24074.518078968154
94112,50197.44582396897
94113,50197.44582396897
94114,26957.147833991403
94115,26957.147833991403
94116,26957.147833991403
94117,26957.147833991403
94118,26957.147833991403
94119,26957.147833991403
94120,25016.851812073954
94121,25016.851812073954
94122,25016.851812073954
94123,25016.851812073954
94224,443500.1784515984
94225,339713.2135144253
94226,552991.6700289096
94227,523813.2066179335
94233,24066.66952504994
94234,24066.66952504994
94235,24066.66952504994
94311,1851575.7881759582
94312,1851575.7881759582
94313,1851575.7881759582
94314,1851575.7881759582
94315,1851575.7881759582
94316,1851575.7881759582
94317,1851575.7881759582
94318,1692776.9620041377
94319,1692776.9620041377
94320,1851575.7881759582
94321,1692776.9620041377
94322,1851575.7881759582
94323,1851575.7881759582
94324,1640701.6041514706
94325,1851575.7881759582
94326,1242894.7610509756
94327,1640701.6041514706
94328,1242894.7610509756
94329,1242894.7610509756
94330,1422897.7719626445
94331,1640701.6041514706
94332,1640701.6041514706
94333,1242894.7610509756
94334,1242894.7610509756
94335,1640701.6041514706
94336,1640701.6041514706
94337,1242894.7610509756
94338,1242894.7610509756
94339,1640701.6041514706
94340,1640701.6041514706
94341,1242894.7610509756
94342,1242894.7610509756
94343,1851575.7881759582
94350,38781.48109917152
94351,38781.48109917152
94352,28419.593371846815
94353,38781.48109917152
94354,38781.48109917152
94359,22303.49792885568
94624,25757.715016916154
94626,25757.715016916154
94627,25757.715016916154
94628,25757.715016916154
94629,25757.715016916154
94630,23154.181450944183
94632,23154.181450944183
94639,27383.458053942166
94640,27383.458053942166
94643,66709.47994114074
94645,588298.7457134667
94648,100272.45820868597
94650,58888.15012757527
94653,130504.18142770216
94655,58903.7051178969
94657,305416.43877903477
94724,2064576.6096874624
94725,2064576.6096874624
94726,2064576.6096874624
94727,2064576.6096874624
94728,2064576.6096874624
94729,2064576.6096874624
94730,2064576.6096874624
94731,2064576.6096874624
94732,2064576.6096874624
94733,2064576.6096874624
94734,2064576.6096874624
94735,2064576.6096874624
94736,2064576.6096874624
94737,2064576.6096874624
94738,2064576.6096874624
94739,2064576.6096874624
94740,1548230.9058784544
94741,1548230.9058784544
94891,24231.72920356699
94892,24231.72920356699
94893,75707.51886848276
94894,53920.67241743354
94898,28538.547111910004
94902,28538.547111910004
94903,27383.458053942166
94904,27383.458053942166
94905,27383.458053942166
94906,27383.458053942166
94909,25070.15445499526
94910,25070.15445499526
95001,38781.48109917152
95002,28419.593371846815
95302,26241.45503137324
95303,26241.45503137324
95319,1548230.9058784544
95320,1548230.9058784544
95321,1548230.9058784544
95322,1548230.9058784544
95323,59854.515607929075
95540,19434.397178803672
95541,19434.397178803672
95542,19434.397178803672
95544,20799.92712616551
95545,28776.15121996803
95546,28776.15121996803
95547,28776.15121996803
95548,59344.24539589709
95549,28776.15121996803
95550,28776.15121996803
95551,28776.15121996803
95552,28776.15121996803
95553,22303.496010438088
95554,24118.99597441293
95555,24118.99597441293
95556,-153349.72081529326
95557,-153349.72081529326
95558,33465.8286936387
95559,33465.8286936387
95560,48545.859889496496
95563,23154.644427437343
95564,23154.644427437343
95565,22303.491430550253
95566,22303.49963464665
95567,37936.176512521124
95568,37936.176512521124
95569,37936.176512521124
95570,55642.966964568535
95571,7928.147479731066
95572,7928.147479731066
95573,7928.147479731066
95574,7928.147479731066
95575,7928.147479731066
95576,7928.147479731066
95577,7928.147479731066
95578,7928.147479731066
95579,7928.147479731066
95580,7928.147479731066
95581,7928.147479731066
95582,-22305.919654292025
95583,-22305.919654292025
95584,-22305.919654292025
95585,-22305.919654292025
95586,-22305.919654292025
95587,-22305.919654292025
95588,-22305.919654292025
95589,-22305.919654292025
95590,-22305.919654292025
95591,-22305.919654292025
95592,-22305.919654292025
95593,-22305.919654292025
95596,31560.633146343178
95597,248781.07381037073
95598,248781.07381037073
95599,248781.07381037073
95600,248781.07381037073
95601,248781.07381037073
95612,248781.07381037073
95613,248781.07381037073
95698,25070.15445499526
95699,25070.15445499526
95758,25074.21189607156
95759,25074.21189607156
95760,25074.21189607156
95761,25074.21189607156
95794,137639.66213702166
95795,407887.45256489265
95798,226571.02048369806
95799,423531.0760890553
95800,412202.89461388066
95801,378655.54970884573
95802,340538.50350448204
95803,290796.55916513037
95804,50320.307107408065
95805,50320.307107408065
95806,50320.307107408065
95807,32766.088017840608
95832,-44385407.36480379
95833,-44385407.36480379
95834,-44385407.36480379
95835,-44385407.36480379
95836,-44385407.36480379
95837,-44385407.36480379
95838,-44385407.36480379
95839,-44385407.36480379
95840,-44385407.36480379
95841,-44385407.36480379
95842,-44385407.36480379
95843,-44385407.36480379
95844,-44385407.36480379
95845,-44385407.36480379
95847,-44385407.36480379
95848,-44385407.36480379
95849,-44385407.36480379
95850,-44385407.36480379
95851,-44385407.36480379
95852,-44385407.36480379
95854,-44385407.36480379
95855,-44385407.36480379
95857,-44385407.36480379
95858,-44385407.36480379
95860,-44385407.36480379
95863,-44385407.36480379
95864,-44385407.36480379
95865,21122.717195440302
95866,21122.717195440302
95867,8080.262849366671
95868,8080.262849366671
95869,8080.262849366671
95870,8080.262849366671
95871,8080.262849366671
95873,8080.262849366671
95874,8080.262849366671
95875,8080.262849366671
95877,8080.262849366671
95956,410638.12020503567
95957,570841.2909210038
95959,382353.19541470683
95960,587576.6541207496
95962,109416.43014938454
95965,109416.43014938454
95966,587576.6541207496
95968,124718.27019382908
95969,109416.43014938454
95977,57173.55588913096
95978,109416.43014938454
96100,27225.14547439795
96101,27225.14547439795
96102,27225.14547439795
96103,27225.14547439795
96104,27225.14547439795
96105,27225.14547439795
96106,25113.204919891286
96107,25113.204919891286
96108,25113.204919891286
96109,25113.204919891286
96110,24069.14920338377
96111,24069.14920338377
96112,24069.14920338377
96277,25997.28784185081
96278,25997.28784185081
96279,25997.28784185081
96280,25997.28784185081
96281,25997.28784185081
96370,26158.161143132085
96371,26158.161143132085
96372,26158.161143132085
96373,26158.161143132085
96374,26158.161143132085
96376,33465.8286936387
96377,33465.8286936387
96378,33465.8286936387
96379,33465.8286936387
96380,33465.8286936387
96381,33465.8286936387
96642,25997.28784185081
96828,32766.088017840608
96885,41751.27355367849
96887,41751.27355367849
96888,57323.597436568205
96889,23734.062060610428
96890,27274.412743141023
96891,27274.412743141023
96892,25059.856470520688
96893,25059.856470520688
96894,25059.856470520688
96895,25059.856470520688
96896,26209.645332103908
96897,26209.645332103908
96898,26209.645332103908
96899,26209.645332103908
96900,26209.645332103908
96901,63362.46060380922
96902,26009.491245874306
96903,51894.232492669675
96904,74055.88058989684
96905,51894.232492669675
96906,40883.04727088711
96907,40883.04727088711
96908,31998.665837997956
96909,51894.232492669675
96910,31998.665837997956
96911,31998.665837997956
96913,31998.665837997956
96914,22303.496398143427
96919,29292.011507444317
96920,29292.011507444317
96921,29292.011507444317
96922,29292.011507444317
96923,29292.011507444317
96924,29292.011507444317
97029,26174.142209046156
97030,37036.21873212879
97031,37036.21873212879
97032,26174.034985782353
97033,37036.21873212879
97035,41751.27355367849
97211,23134.28588026853
97212,-274730.9653786518
97213,-274730.9653786518
97214,-274730.9653786518
97215,-199703.1055192377
97216,-274730.9653786518
97217,-274730.9653786518
97219,-3145.119816258317
97501,29797.64506739778
97502,29797.64506739778
97503,29797.64506739778
97504,29797.64506739778
97505,29797.64506739778
97506,29797.64506739778
97507,29797.64506739778
97508,29797.64506739778
97509,31560.63286503582
97510,772603.9980608982
97511,580726.6410311465
97512,122156.14180952171
97513,122156.14180952171
97514,101726.17976315535
97515,-23728.68357426254
97516,130504.18142770216
97518,130504.18142770216
97520,130504.18142770216
97521,130504.18142770216
97525,-23728.68357426254
97526,130504.18142770216
97533,101627.8190478938
97542,25102.6692261371
97543,25102.6692261371
97544,25102.6692261371
97545,25102.6692261371
97760,12354.202469182594
97761,12354.202469182594
97764,16523.852094562477
97765,-430966.4715443646
97766,-430966.4715443646
97767,-430966.4715443646
97768,-430966.4715443646
97769,-430966.4715443646
97770,-430966.4715443646
97771,-430966.4715443646
97772,-430966.4715443646
97773,-430966.4715443646
97774,-430966.4715443646
97781,25863.173816839168
97782,25863.173816839168
97783,25863.173816839168
97784,25863.173816839168
97785,26174.142209046156
97818,23134.288007372525
97819,28958.32568282669
97820,28958.32568282669
97821,28958.32568282669
97822,28958.32568282669
97823,28958.32568282669
97824,28958.32568282669
97825,28958.32568282669
97826,28958.32568282669
97827,-3145.119816258317
97828,-3145.119816258317
97830,-3145.119816258317
97831,-3145.119816258317
97832,-3145.119816258317
97833,-3145.119816258317
97834,-3145.119816258317
97835,-3145.119816258317
97836,-3145.119816258317
97837,-3145.119816258317
97838,-3145.119816258317
97846,50629.021858236825
97847,49296.03694961981
97848,52591.49115932999
98063,27274.412743141023
98064,27274.412743141023
98065,27274.412743141023
98066,27274.412743141023
98069,36132.728281892065
98070,25547.77862794807
98071,50734.64773428539
98360,16523.852094562477
98361,16523.852094562477
98544,101627.8190478938
98545,487610.6291998479
98635,-430966.4715443646
98636,-430966.4715443646
98637,-430966.4715443646
98638,-430966.4715443646
98639,-430966.4715443646
98640,-430966.4715443646
98736,24066.92205481934
98737,24066.92205481934
98738,24066.92205481934
98800,23154.308813843323
98801,23154.308813843323
136743,24083.525241536197
136744,24083.525241536197
136745,27061.048125449808
136746,27061.048125449808
136747,27061.048125449808
136748,27061.048125449808
136749,27061.048125449808
136757,66708.98474774387
136758,42419.94022385834
136759,42419.94022385834
136760,79914.49877865225
136761,59449.295502161985
136762,59449.295502161985
136763,59449.295502161985
136764,59449.295502161985
136765,25076.43023738935
136766,25076.43023738935
136767,25076.43023738935
136768,25076.43023738935
136769,26254.885162017774
136770,29699.56836861561
136771,40562.070325994646
136772,52736.81186197582
136773,52736.81186197582
136774,58480.54416361534
136775,25735.737105154236
136776,25735.737105154236
136779,25735.737105154236
136780,32920.40224068564
136781,32920.40224068564
136782,32920.40224068564
136783,32920.40224068564
136784,32920.40224068564
136785,32920.40224068564
136786,58475.78315499223
136788,25727.499913306587
136789,25727.499913306587
136790,61422.9385019045
136791,33392.86568062519
136792,61977.767039106955
136793,31786.40788490804
136794,31786.40788490804
136795,31786.40788490804
136796,31786.40788490804
136797,31786.40788490804
136798,37496.232028667175
136799,37496.232028667175
136800,37496.232028667175
136801,25082.774314190712
136802,35494.088363450646
136803,25082.774314190712
136804,43495.72295162412
136805,36017.07750766848
136806,26824.79585058146
136807,24082.89451187179
136809,40164.618032747356
136810,20799.92712616551
136813,20799.92712616551
136821,59449.295502161985
136826,66704.82821979623
136827,42414.580115120436
136828,34612.680399577555
136829,26254.885162017774
136896,23154.20705142896
136897,23154.20705142896
136903,28958.32568282669
137026,26009.491245874306
137027,35467.54315573636
137092,51988.68561990946
137224,38676.69778281158
137239,23201.307362025982
137246,24082.645243581792
137247,24082.645243581792
137377,36017.07750766848
137417,240532.28287741813
137419,179043.06153748796
137420,240532.28287741813
137421,240532.28287741813
137422,240532.28287741813
137423,240532.28287741813
137619,240532.28287741813
137780,772603.9980608982
137781,772603.9980608982
137782,772603.9980608982
137783,772603.9980608982
137784,772603.9980608982
137785,772603.9980608982
137786,772603.9980608982
137787,772603.9980608982
137788,772603.9980608982
137789,772603.9980608982
137790,772603.9980608982
137791,772603.9980608982
137793,772603.9980608982
137795,711483.4357874554
137796,772603.9980608982
137797,772603.9980608982
137798,772603.9980608982
137799,14209.577067148493
137800,12153.12588018179
137801,14209.577067148493
137814,12153.12588018179
137820,2968.040109383641
138132,28504.87388227426
138133,28504.87388227426
138134,183315.76606630324
138135,39193.065648831616
138136,29494.947506054144
138137,39193.065648831616
138138,39193.065648831616
138139,39193.065648831616
138141,29494.947506054144
138142,29494.947506054144
138222,26254.885162017774
138223,26254.885162017774
138224,26254.885162017774
138429,22303.4963338709
138486,25727.499913306587
138563,25997.80030037104
138564,25997.80030037104
138565,25997.80030037104
138566,25997.80030037104
138567,25997.80030037104
138568,34695.482370934245
138569,34695.482370934245
138570,34695.482370934245
138571,34695.482370934245
138575,34695.482370934245
138576,34695.482370934245
138577,34695.482370934245
138578,34695.482370934245
138579,43784.535610210805
138580,35537.485622399414
138581,35537.485622399414
138582,46771.450709868484
138583,112619.28192558678
138584,112619.28192558678
138585,24460.316391759625
138586,32765.987396894765
138587,32765.987396894765
138588,24068.17325123043
138589,24068.17325123043
138590,24068.17325123043
138591,27538.770804072003
138592,27538.770804072003
138593,27538.770804072003
138594,27538.770804072003
138595,-247856.7741234086
138597,-247856.7741234086
138598,-247856.7741234086
138599,26231.488085464756
138600,26231.488085464756
138601,26231.488085464756
138602,26231.488085464756
138603,26231.488085464756
138604,26231.488085464756
138605,24066.427057244284
138610,25039.3681088245
138611,25039.3681088245
138612,25039.3681088245
138613,25039.3681088245
138614,31560.631233502354
138616,57830.40190152249
138617,26636.436362413886
138618,306347.6463207905
138619,382353.19541470683
138620,305416.43877903477
138622,203163.95976284693
138624,382353.19541470683
138625,306347.6463207905
138627,306347.6463207905
138628,324287.9873454396
138630,228521.4120904372
138634,306347.6463207905
138635,229837.6106406459
138637,228521.4120904372
139076,31786.40788490804
139176,32765.40754875257
139178,32765.40754875257
139215,27638.224576706612
139216,27638.224576706612
139217,27638.224576706612
139218,27638.224576706612
139219,27638.224576706612
139220,27638.224576706612
139331,34695.482370934245
139332,34695.482370934245
139333,34695.482370934245
139553,25831.31252602763
139554,25831.31252602763
139555,25831.31252602763
139556,25831.31252602763
139557,24076.000362849438
139558,24076.000362849438
139559,28772.601179907513
139560,24076.000362849438
139561,28772.601179907513
139562,28772.601179907513
139563,28772.601179907513
139564,28772.601179907513
139565,28772.601179907513
139566,28772.601179907513
139577,23172.824629222654
139578,27231.762831047345
139579,27231.762831047345
139580,27231.762831047345
139581,27231.762831047345
139583,27231.762831047345
139584,27231.762831047345
140030,28702.57882349615
140034,-247856.7741234086
140040,28702.57882349615
140041,28702.57882349615
140042,28702.57882349615
140043,28702.57882349615
140044,28702.57882349615
140046,28702.57882349615
140047,28702.57882349615
140048,28702.57882349615
140049,112619.28192558678
140059,22303.49477690924
140060,26106.597789649524
140061,26824.79585058146
140291,27538.770804072003
140292,27538.770804072003
140886,28702.57882349615
140963,24066.427057244284
140964,24066.427057244284
141593,648903.08948269
141595,648903.08948269
141597,648903.08948269
141599,648903.08948269
141808,26269.016517853743
141809,26269.016517853743
141810,26269.016517853743
141811,26269.016517853743
141812,26269.016517853743
141835,26824.79585058146
141836,26824.79585058146
141872,42155.219985058415
141873,42155.219985058415
141874,42155.219985058415
141875,42155.219985058415
141876,42155.219985058415
141878,42155.219985058415
141879,28040.449791447012
141880,28040.449791447012
141881,28040.449791447012
141882,28040.449791447012
141883,28040.449791447012
141884,28040.449791447012
141885,28040.449791447012
141890,22303.493912528196
141891,26174.034985782353
141892,34070.8548671523
141893,24077.00349399687
141894,24077.00349399687
141895,24077.00349399687
142165,858371.9461267933
142166,858371.9461267933
142167,858371.9461267933
142168,858371.9461267933
142169,858371.9461267933
142170,858371.9461267933
142171,858371.9461267933
142172,858371.9461267933
142173,858371.9461267933
142174,858371.9461267933
142175,858371.9461267933
142176,858371.9461267933
142177,858371.9461267933
142178,858371.9461267933
142179,858371.9461267933
142180,858371.9461267933
142181,1418451.537431449
142182,1418451.537431449
142344,34070.8548671523
142345,34070.8548671523
142472,35495.68437836402
142473,35495.68437836402
142474,132826.34941031982
142475,132826.34941031982
142476,132826.34941031982
142477,132826.34941031982
142478,132826.34941031982
142479,132826.34941031982
142480,93870.47521705949
142481,93870.53920356219
142482,93870.47521705949
142483,132826.34941031982
142484,132826.34941031982
142485,132826.34941031982
142486,132826.34941031982
142487,132826.34941031982
142488,132826.34941031982
142489,132826.34941031982
142490,132826.34941031982
142491,132826.34941031982
142492,132826.34941031982
142493,93870.53920356219
142494,4109.317826204773
142495,4109.317826204773
142496,4109.317826204773
142497,4109.317826204773
142498,4109.317826204773
142499,4109.317826204773
142500,4109.317826204773
142501,4109.317826204773
142502,4109.317826204773
142504,4109.317826204773
142507,25092.681171704928
142508,25092.681171704928
142509,25092.681171704928
142510,25092.681171704928
142512,-11850.659057902434
142513,-11850.659057902434
142514,-11850.659057902434
142515,-11850.659057902434
142516,-11850.659057902434
142517,-11850.659057902434
142518,-11850.659057902434
142519,-11850.659057902434
142520,-11850.659057902434
142521,-11850.659057902434
142522,-11850.659057902434
142523,110850.860976123
142524,52226.644314900775
142525,110850.860976123
142526,52226.644314900775
142527,110850.860976123
142528,52226.644314900775
142529,34112.878582004094
142530,34112.878582004094
142531,25029.09960841605
142532,25029.09960841605
142533,25029.09960841605
142534,25029.09960841605
142535,27699.356974038208
142536,27699.356974038208
142537,27699.356974038208
142538,27699.356974038208
142539,27699.356974038208
142541,45967.98152493134
142542,40144.35537169888
142547,41825.91790843439
142548,-30425.91113622878
142549,-30425.91113622878
142550,-30425.91113622878
142551,-30425.91113622878
142552,-30425.91113622878
142553,-30425.91113622878
142554,-30425.91113622878
142555,-30425.91113622878
142556,-30425.91113622878
142562,-30425.91113622878
142563,-30425.91113622878
142564,-30425.91113622878
142883,42155.219985058415
143100,38737.00514511544
143101,38737.00514511544
143102,27699.356974038208
143481,36850.88462936753
143482,36850.88462936753
143924,25030.317893332554
143925,25030.317893332554
143926,25030.317893332554
143927,25030.317893332554
143930,213939.36084468983
143931,213939.36084468983
143932,213939.36084468983
143933,213939.36084468983
143934,213939.36084468983
143935,710266.019487585
143936,710266.019487585
143937,710266.019487585
143939,710266.019487585
143941,710266.019487585
143942,710266.019487585
143943,710266.019487585
143945,710266.019487585
143946,710266.019487585
143947,710266.019487585
143948,38947.21593707144
143949,38947.21593707144
143950,38947.21593707144
143951,38947.21593707144
143952,38947.21593707144
143953,38947.21593707144
143954,38947.21593707144
143955,38947.21593707144
143956,28047.518941031667
143957,28047.518941031667
143958,28047.518941031667
143959,28047.518941031667
143963,28047.518941031667
143966,28047.518941031667
143967,28047.518941031667
143968,26282.33174915918
143969,26282.33174915918
143970,26282.33174915918
143971,26282.33174915918
143972,26282.33174915918
143973,23154.223537647376
143974,23154.223537647376
143975,110850.860976123
143976,52226.644314900775
143977,52226.644314900775
143980,52226.644314900775
144098,1369907.7674537955
144104,1369907.7674537955
144105,1369907.7674537955
144111,1369907.7674537955
144112,22303.49705208651
144140,30117.603960152876
144141,30117.603960152876
144142,30117.603960152876
144143,30117.603960152876
144144,-89668.63015004336
144145,-89668.63015004336
144146,-89668.63015004336
144148,-89668.63015004336
144149,-89668.63015004336
144150,-89668.63015004336
144151,-89668.63015004336
144154,-89668.63015004336
144155,-89668.63015004336
144156,-89668.63015004336
144157,-89668.63015004336
144158,-89668.63015004336
144161,-89668.63015004336
144167,-89668.63015004336
144179,-89668.63015004336
144188,35473.98492700627
144189,35473.98492700627
144190,35473.98492700627
144191,35473.98492700627
144513,710266.019487585
144514,710266.019487585
144515,710266.019487585
144516,710266.019487585
144517,710266.019487585
144518,710266.019487585
144519,710266.019487585
144528,34062.600526765615
144529,34062.600526765615
144530,34062.600526765615
144761,25085.005800547668
144762,25085.005800547668
144763,25085.005800547668
144764,25085.005800547668
144875,-90284.15667435902
144879,-90284.15667435902
144881,-90284.15667435902
144882,-90284.15667435902
144884,-90284.15667435902
144885,-90284.15667435902
144886,-90284.15667435902
144888,-90284.15667435902
144889,-90284.15667435902
144894,-90284.15667435902
144896,-90284.15667435902
144898,-90284.15667435902
144900,-90284.15667435902
145105,22303.494791298355
145114,22303.496100591918
145118,22303.49287090834
145351,22303.49561408334
145430,89851.77539752133
145431,89851.77539752133
145432,89851.77539752133
145433,89851.77539752133
145434,89851.77539752133
145435,89851.77539752133
145436,89851.77539752133
145437,89851.77539752133
145438,89851.77539752133
145439,89851.77539752133
145440,89851.77539752133
145441,89851.77539752133
145442,89851.77539752133
145443,89851.77539752133
145444,89851.77539752133
145445,34766.63219903929
145446,34766.63219903929
145448,25013.31325481097
145451,34766.63219903929
145453,44847.67374561691
145454,44847.67374561691
145455,44847.67374561691
145456,44847.67374561691
145459,32958.51305317026
145460,-227634.36088382214
145461,-227634.36088382214
145462,-227634.36088382214
145463,-227634.36088382214
145464,-227634.36088382214
145465,-227634.36088382214
145466,-227634.36088382214
145467,587576.6541207496
145470,587576.6541207496
145471,-23728.68357426254
145473,587576.6541207496
145474,587576.6541207496
145475,587576.6541207496
145476,398921.18289248995
145477,587576.6541207496
145479,398921.18289248995
145480,587576.6541207496
145481,587576.6541207496
145485,587576.6541207496
145486,587576.6541207496
145487,587576.6541207496
145491,22303.493159256526
145492,-155464.79363839174
145493,-155464.79363839174
145494,-155464.79363839174
145495,-155464.79363839174
145496,-155464.79363839174
145497,-155464.79363839174
145498,-155464.79363839174
145499,-155464.79363839174
145500,-155464.79363839174
145501,-155464.79363839174
145502,-155464.79363839174
145503,-155464.79363839174
145504,-155464.79363839174
145505,-155464.79363839174
145506,-155464.79363839174
145507,30768.949570169432
145508,30768.949570169432
145509,35712.124369006095
145595,32958.51305317026
145596,32958.51305317026
145598,860114.3687055096
145599,860114.3687055096
145600,860114.3687055096
145601,860114.3687055096
145602,860114.3687055096
145603,860114.3687055096
145926,21775.261835283018
145927,21775.261835283018
145928,21775.261835283018
145929,21775.261835283018
145930,21775.261835283018
145931,21775.261835283018
145932,104453.51125247695
145933,104453.51125247695
145934,104453.51125247695
145936,104453.51125247695
145937,104453.51125247695
145938,104453.51125247695
145939,104453.51125247695
145940,104453.51125247695
145941,104453.51125247695
145942,104453.51125247695
145944,32767.725951567234
145993,30768.949570169432
145994,30768.949570169432
145995,31560.63003751899
145996,2968.040109383641
145997,2968.040109383641
145998,2968.040109383641
145999,2968.040109383641
146004,2968.040109383641
146010,25034.9273806781
146011,25034.9273806781
146012,24993.579864234423
146013,24993.579864234423
146014,25034.9273806781
146015,25034.9273806781
146057,155180.7792488255
146133,30117.603960152876
146134,30117.603960152876
146153,11001.139058620276
146154,11001.139058620276
146155,11001.139058620276
146156,11001.139058620276
146157,33753.636074747206
146158,33753.636074747206
146159,33753.636074747206
146160,33753.636074747206
146161,33753.636074747206
146162,33753.636074747206
146163,33753.636074747206
146164,33753.636074747206
146165,23154.812413827472
146166,23154.812413827472
146291,23154.40971000168
146292,23154.40971000168
146294,39887.499097265856
146295,39887.499097265856
146296,39887.499097265856
146297,39887.499097265856
146354,860114.3687055096
146355,860114.3687055096
146356,860114.3687055096
146357,860114.3687055096
146358,734518.081904691
146359,860114.3687055096
146360,544801.993206187
146362,544801.993206187
146363,860114.3687055096
146364,670911.190325557
146366,860114.3687055096
146367,544801.993206187
146373,670911.190325557
146374,544801.993206187
146377,670911.190325557
146382,670911.190325557
146388,670911.190325557
146398,670911.190325557
146401,670911.190325557
146404,31287.492728823556
146405,31287.492728823556
146406,31287.492728823556
146407,31287.492728823556
146408,31287.492728823556
146409,31287.492728823556
146410,31287.492728823556
146411,31287.492728823556
146443,35712.124369006095
146445,35712.124369006095
146447,35712.124369006095
146450,35712.124369006095
146451,35712.124369006095
146452,35712.124369006095
146455,35712.124369006095
146456,35712.124369006095
147438,587576.6541207496
147439,587576.6541207496
147442,587576.6541207496
147443,587576.6541207496
147445,398921.18289248995
147446,587576.6541207496
147574,24064.574946967718
147579,24064.574946967718
147580,24064.574946967718
147581,26176.41713703014
147582,26176.41713703014
147583,26176.41713703014
147584,26176.41713703014
147585,26176.41713703014
147618,104453.51125247695
147639,22303.49799478076
147717,-155464.79363839174
147773,23154.225871431125
147774,23154.225871431125
147978,30768.949570169432
147983,25031.69278053283
147984,25031.69278053283
147985,25031.69278053283
147986,25031.69278053283
147987,633953.5048490627
147988,633953.5048490627
148022,633953.5048490627
148023,633953.5048490627
148024,633953.5048490627
148025,633953.5048490627
148026,633953.5048490627
148027,633953.5048490627
148028,633953.5048490627
148029,633953.5048490627
148030,633953.5048490627
148031,633953.5048490627
148033,30768.949570169432
148034,30768.949570169432
148035,633953.5048490627
148036,633953.5048490627
148037,633953.5048490627
148042,633953.5048490627
148044,-11517.015775058375
148045,-11517.015775058375
148046,-11517.015775058375
148047,-11517.015775058375
148051,-11517.015775058375
148052,-11517.015775058375
148056,-11517.015775058375
148063,-11517.015775058375
148066,-11517.015775058375
148073,-11517.015775058375
148081,-11517.015775058375
148084,26887.001840597688
148085,26887.001840597688
148086,26887.001840597688
148087,23154.455222085948
148088,23154.455222085948
148089,57115.55221549838
148090,25626.044931735807
148091,25626.044931735807
148092,25626.044931735807
148093,26147.600515256338
148094,26147.600515256338
148095,26147.600515256338
148096,26147.600515256338
148097,26147.600515256338
148098,24080.54959986962
148099,24080.54959986962
148100,25031.448324876197
148101,25031.448324876197
148102,25031.448324876197
148103,25031.448324876197
148105,633953.5048490627
148106,633953.5048490627
148136,633953.5048490627
148137,633953.5048490627
148249,52736.81186197582
148252,52736.81186197582
148255,52736.81186197582
148257,52736.81186197582
148382,24069.53703168402
148383,24069.53703168402
148384,24069.53703168402
148399,25094.171295211207
148400,25094.171295211207
148401,25094.171295211207
148402,25094.171295211207
148403,316888.461848684
148404,316888.461848684
148405,316888.461848684
148406,316888.461848684
148407,316888.461848684
148408,316888.461848684
148409,316888.461848684
148435,30231.29898962569
148436,30231.29898962569
148437,30231.29898962569
148438,30231.29898962569
148441,30231.29898962569
148444,30231.29898962569
148446,30231.29898962569
148453,30231.29898962569
148460,30231.29898962569
148582,24067.797300829043
148608,38737.00514511544
148609,38737.00514511544
148610,38737.00514511544
148611,38737.00514511544
148699,32766.136224426198
148700,32766.136224426198
148701,22303.50230051844
148705,25489.019215408916
148706,25489.019215408916
148707,25489.019215408916
148708,25489.019215408916
148709,25489.019215408916
148710,25489.019215408916
148711,25489.019215408916
148712,25489.019215408916
148713,25489.019215408916
148714,25489.019215408916
148716,55102.9050073047
148717,55102.9050073047
148718,55102.9050073047
148719,55102.9050073047
148721,55102.9050073047
148723,55102.9050073047
148724,55102.9050073047
148727,24067.797300829043
148728,24067.797300829043
148959,26887.001840597688
148960,26887.001840597688
148961,26887.001840597688
148980,52736.81186197582
149004,25089.508785559032
149005,25089.508785559032
149006,25089.508785559032
149007,25089.508785559032
149097,62577.95688168513
149098,62577.95688168513
149099,62577.95688168513
149100,62577.95688168513
149102,62577.95688168513
149103,62577.95688168513
149104,62577.95688168513
149105,62577.95688168513
149106,62577.95688168513
149107,62577.95688168513
149108,62577.95688168513
149577,22303.493807044128
149637,24080.54959986962
149644,22303.492229258976
149751,25083.914600407777
149752,25083.914600407777
149753,25083.914600407777
149754,25083.914600407777
149755,40384.099568002865
149756,40384.099568002865
149757,40384.099568002865
149758,40384.099568002865
149759,40384.099568002865
149760,-128392.74196670575
149761,-128392.74196670575
149762,-128392.74196670575
149763,-128392.74196670575
149764,25823.218872096375
149765,25823.218872096375
149766,25823.218872096375
149767,25823.218872096375
149768,40711.3742910489
149769,40711.3742910489
149770,40711.3742910489
149771,40711.3742910489
149772,40711.3742910489
149837,-128392.74196670575
149838,-128392.74196670575
149840,-128392.74196670575
149841,-128392.74196670575
149842,-128392.74196670575
149843,-128392.74196670575
149846,-128392.74196670575
149847,24217.514240431738
149980,71433.00195423936
149981,71433.00195423936
149982,71433.00195423936
149983,71433.00195423936
149984,71433.00195423936
149985,71433.00195423936
149986,71433.00195423936
149987,71433.00195423936
149988,71433.00195423936
149989,71433.00195423936
149990,71433.00195423936
149991,71433.00195423936
149993,26159.82226178536
149994,26159.82226178536
149995,26159.82226178536
149996,26159.82226178536
149997,26159.82226178536
149998,28109.60169965423
149999,28109.60169965423
150000,28109.60169965423
150001,28109.60169965423
150002,28109.60169965423
150003,28109.60169965423
150004,28109.60169965423
150435,40384.099568002865
150436,40384.099568002865
150437,40384.099568002865
150438,40384.099568002865
150439,40384.099568002865
150440,25823.218872096375
150441,24217.514240431738
150443,23154.860898362276
150444,23154.860898362276
150479,170647.51101081196
150703,127780.56750963736
150704,127780.56750963736
150705,127780.56750963736
150706,127780.56750963736
150707,127780.56750963736
150708,127780.56750963736
150709,127780.56750963736
150710,127780.56750963736
150711,127780.56750963736
150712,127780.56750963736
150713,127780.56750963736
150714,127780.56750963736
150715,127780.56750963736
150716,127780.56750963736
150717,24069.775203972546
150719,24069.775203972546
150720,24069.775203972546
150721,25048.181219339596
150722,25048.181219339596
150723,25048.181219339596
150724,25048.181219339596
150766,25449.677258563745
150767,25449.677258563745
150768,25449.677258563745
150769,25449.677258563745
150770,25449.677258563745
150771,25449.677258563745
150779,25449.677258563745
150780,25449.677258563745
150781,25449.677258563745
150867,26292.318983653684
150868,26292.318983653684
150869,26292.318983653684
150870,26292.318983653684
150871,26292.318983653684
150872,25054.764985778602
150873,25054.764985778602
150876,25054.764985778602
150877,25054.764985778602
150919,25924.6185041363
150920,25924.6185041363
150921,25924.6185041363
150922,25924.6185041363
150923,25924.6185041363
150924,26162.389143674416
150925,26162.389143674416
150926,26162.389143674416
150927,26162.389143674416
150928,26162.389143674416
150945,24069.43058478
150947,24069.43058478
150948,24069.43058478
150969,25989.05215726085
150970,25989.05215726085
150971,25989.05215726085
150973,25989.05215726085
150974,25085.030172762607
151056,219907.42435297588
151061,219907.42435297588
151063,219907.42435297588
151064,219907.42435297588
151067,219907.42435297588
151068,219907.42435297588
151069,219907.42435297588
151071,219907.42435297588
151072,219907.42435297588
151073,219907.42435297588
151074,219907.42435297588
151075,219907.42435297588
151076,219907.42435297588
151301,-332175.44280721026
151302,-332175.44280721026
151303,-332175.44280721026
151304,-332175.44280721026
151305,-332175.44280721026
151307,-332175.44280721026
151308,-332175.44280721026
151309,-332175.44280721026
151310,-332175.44280721026
151311,-332175.44280721026
151312,-332175.44280721026
151313,-332175.44280721026
151314,-332175.44280721026
151315,-332175.44280721026
151316,-332175.44280721026
151317,-332175.44280721026
151359,23155.454297830875
151635,25058.776300636935
151645,25058.776300636935
151646,25058.776300636935
151647,25058.776300636935
151747,25989.05215726085
152033,219907.42435297588
152067,-23728.68357426254
152068,-23728.68357426254
152069,-23728.68357426254
152070,-23728.68357426254
152071,-23728.68357426254
152073,-23728.68357426254
152075,-23728.68357426254
152078,-23728.68357426254
152084,-23728.68357426254
152085,-23728.68357426254
152089,-23728.68357426254
152093,-23728.68357426254
152102,-23728.68357426254
