timestamp,customer_id,campaign_id,uid,user_id,name,gender,age,ip,connected_at,duration,live_cdn_platform,write_count,adore_count,talkable,on_close,os_type,version,ad_id,svtm,video_delay,activity_type,created_at,user_privilege,page_view,app_version,web_version,ad_identifier,utm_source,utm_campaign,utm_content,utm_medium
2023-12-01 14:13:12.763000 UTC,141,13754,392612951561588339|,14254633|,a2516285,u,,"211.168.205.163, 3.37.236.216",2023-12-01 14:05:07.122000 UTC,485556,-,0,1,FALSE,FALSE,a,1.4.9,,2023-11-30 11:08:12.567000 UTC,,replay,2023-12-01 14:13:12.763000 UTC,0,0,,,,,,,
2023-12-01 14:13:09.299000 UTC,141,13754,1048715853866610082|,|,,,,"121.139.200.250, 3.37.236.216",2023-12-01 14:13:03.085000 UTC,6124,-,0,0,FALSE,FALSE,a,1.4.9,,2023-11-30 11:00:02.685000 UTC,,replay,2023-12-01 14:13:09.299000 UTC,0,0,,,,,,,
2023-12-01 14:13:03.027000 UTC,141,13754,1048715853866610082|,|,,,,"121.139.200.250, 13.124.154.181",2023-12-01 14:13:03.085000 UTC,1,-,0,0,FALSE,FALSE,a,1.4.9,,,,replay,2023-12-01 14:13:03.027000 UTC,0,0,,,,,,,
2023-12-01 14:13:02.654000 UTC,141,13754,392612951561588339|,14254633|,a2516285,u,,"211.168.205.163, 13.124.154.181",2023-12-01 14:05:07.122000 UTC,475536,-,0,1,FALSE,FALSE,a,1.4.9,,2023-11-30 11:08:02.208000 UTC,,replay,2023-12-01 14:13:02.654000 UTC,0,0,,,,,,,
2023-12-01 14:12:52.721000 UTC,141,13754,392612951561588339|,14254633|,a2516285,u,,"211.168.205.163, 3.37.236.216",2023-12-01 14:05:07.122000 UTC,465519,-,0,1,FALSE,FALSE,a,1.4.9,,2023-11-30 11:07:52.836000 UTC,,replay,2023-12-01 14:12:52.721000 UTC,0,0,,,,,,,
2023-12-01 14:12:43.200000 UTC,141,13754,392612951561588339|,14254633|,a2516285,u,,"211.168.205.163, 13.124.154.181",2023-12-01 14:05:07.122000 UTC,455991,-,0,1,FALSE,FALSE,a,1.4.9,,2023-11-30 11:07:43.063000 UTC,,replay,2023-12-01 14:12:43.200000 UTC,0,0,,,,,,,
2023-12-01 14:12:33.102000 UTC,141,13754,392612951561588339|,14254633|,a2516285,u,,"211.168.205.163, 3.37.236.216",2023-12-01 14:05:07.122000 UTC,445968,-,0,1,FALSE,FALSE,a,1.4.9,,2023-11-30 11:07:32.419000 UTC,,replay,2023-12-01 14:12:33.102000 UTC,0,0,,,,,,,
2023-12-01 14:12:23.079000 UTC,141,13754,392612951561588339|,14254633|,a2516285,u,,"211.168.205.163, 13.124.154.181",2023-12-01 14:05:07.122000 UTC,435950,-,0,1,FALSE,FALSE,a,1.4.9,,2023-11-30 11:07:22.389000 UTC,,replay,2023-12-01 14:12:23.079000 UTC,0,0,,,,,,,
2023-12-01 14:12:13.053000 UTC,141,13754,392612951561588339|,14254633|,a2516285,u,,"211.168.205.163, 13.124.154.181",2023-12-01 14:05:07.122000 UTC,425932,-,0,1,FALSE,FALSE,a,1.4.9,,2023-11-30 11:07:12.833000 UTC,,replay,2023-12-01 14:12:13.053000 UTC,0,0,,,,,,,
2023-12-01 14:12:03.121000 UTC,141,13754,392612951561588339|,14254633|,a2516285,u,,"211.168.205.163, 3.37.236.216",2023-12-01 14:05:07.122000 UTC,415909,-,0,1,FALSE,FALSE,a,1.4.9,,2023-11-30 11:07:02.230000 UTC,,replay,2023-12-01 14:12:03.121000 UTC,0,0,,,,,,,
2023-12-01 14:11:53.099000 UTC,141,13754,392612951561588339|,14254633|,a2516285,u,,"211.168.205.163, 3.37.236.216",2023-12-01 14:05:07.122000 UTC,405887,-,0,1,FALSE,FALSE,a,1.4.9,,2023-11-30 11:06:52.887000 UTC,,replay,2023-12-01 14:11:53.099000 UTC,0,0,,,,,,,
2023-12-01 14:11:42.995000 UTC,141,13754,392612951561588339|,14254633|,a2516285,u,,"211.168.205.163, 13.124.154.181",2023-12-01 14:05:07.122000 UTC,395870,-,0,1,FALSE,FALSE,a,1.4.9,,2023-11-30 11:06:42.067000 UTC,,replay,2023-12-01 14:11:42.995000 UTC,0,0,,,,,,,
2023-12-01 14:11:32.976000 UTC,141,13754,392612951561588339|,14254633|,a2516285,u,,"211.168.205.163, 3.37.236.216",2023-12-01 14:05:07.122000 UTC,385849,-,0,1,FALSE,FALSE,a,1.4.9,,2023-11-30 11:06:32.375000 UTC,,replay,2023-12-01 14:11:32.976000 UTC,0,0,,,,,,,
2023-12-01 14:11:23.055000 UTC,141,13754,392612951561588339|,14254633|,a2516285,u,,"211.168.205.163, 13.124.154.181",2023-12-01 14:05:07.122000 UTC,375821,-,0,1,FALSE,FALSE,a,1.4.9,,2023-11-30 11:06:22.899000 UTC,,replay,2023-12-01 14:11:23.055000 UTC,0,0,,,,,,,
2023-12-01 14:11:13.002000 UTC,141,13754,392612951561588339|,14254633|,a2516285,u,,"211.168.205.163, 13.124.154.181",2023-12-01 14:05:07.122000 UTC,365801,-,0,1,FALSE,FALSE,a,1.4.9,,2023-11-30 11:06:12.393000 UTC,,replay,2023-12-01 14:11:13.002000 UTC,0,0,,,,,,,
2023-12-01 14:11:02.916000 UTC,141,13754,392612951561588339|,14254633|,a2516285,u,,"211.168.205.163, 3.37.236.216",2023-12-01 14:05:07.122000 UTC,355781,-,0,1,FALSE,FALSE,a,1.4.9,,2023-11-30 11:06:02.862000 UTC,,replay,2023-12-01 14:11:02.916000 UTC,0,0,,,,,,,
2023-12-01 14:10:52.891000 UTC,141,13754,392612951561588339|,14254633|,a2516285,u,,"211.168.205.163, 3.37.236.216",2023-12-01 14:05:07.122000 UTC,345757,-,0,1,FALSE,FALSE,a,1.4.9,,2023-11-30 11:05:52.364000 UTC,,replay,2023-12-01 14:10:52.891000 UTC,0,0,,,,,,,
2023-12-01 14:10:42.864000 UTC,141,13754,392612951561588339|,14254633|,a2516285,u,,"211.168.205.163, 13.124.154.181",2023-12-01 14:05:07.122000 UTC,335735,-,0,1,FALSE,FALSE,a,1.4.9,,2023-11-30 11:05:42.851000 UTC,,replay,2023-12-01 14:10:42.864000 UTC,0,0,,,,,,,
2023-12-01 14:10:32.914000 UTC,141,13754,392612951561588339|,14254633|,a2516285,u,,"211.168.205.163, 3.37.236.216",2023-12-01 14:05:07.122000 UTC,325720,-,0,1,FALSE,FALSE,a,1.4.9,,2023-11-30 11:05:32.062000 UTC,,replay,2023-12-01 14:10:32.914000 UTC,0,0,,,,,,,
2023-12-01 14:10:22.817000 UTC,141,13754,392612951561588339|,14254633|,a2516285,u,,"211.168.205.163, 3.37.236.216",2023-12-01 14:05:07.122000 UTC,315699,-,0,1,FALSE,FALSE,a,1.4.9,,2023-11-30 11:05:22.870000 UTC,,replay,2023-12-01 14:10:22.817000 UTC,0,0,,,,,,,
2023-12-01 14:10:12.803000 UTC,141,13754,392612951561588339|,14254633|,a2516285,u,,"211.168.205.163, 13.124.154.181",2023-12-01 14:05:07.122000 UTC,305676,-,0,1,FALSE,FALSE,a,1.4.9,,2023-11-30 11:05:12.193000 UTC,,replay,2023-12-01 14:10:12.803000 UTC,0,0,,,,,,,
2023-12-01 14:10:02.886000 UTC,141,13754,392612951561588339|,14254633|,a2516285,u,,"211.168.205.163, 3.37.236.216",2023-12-01 14:05:07.122000 UTC,295657,-,0,1,FALSE,FALSE,a,1.4.9,,2023-11-30 11:05:02.699000 UTC,,replay,2023-12-01 14:10:02.886000 UTC,0,0,,,,,,,
2023-12-01 14:09:52.777000 UTC,141,13754,392612951561588339|,14254633|,a2516285,u,,"211.168.205.163, 3.37.236.216",2023-12-01 14:05:07.122000 UTC,285636,-,0,1,FALSE,FALSE,a,1.4.9,,2023-11-30 11:04:52.916000 UTC,,replay,2023-12-01 14:09:52.777000 UTC,0,0,,,,,,,
2023-12-01 14:09:42.740000 UTC,141,13754,392612951561588339|,14254633|,a2516285,u,,"211.168.205.163, 3.37.236.216",2023-12-01 14:05:07.122000 UTC,275615,-,0,1,FALSE,FALSE,a,1.4.9,,2023-11-30 11:04:42.390000 UTC,,replay,2023-12-01 14:09:42.740000 UTC,0,0,,,,,,,
2023-12-01 14:09:32.770000 UTC,141,13754,392612951561588339|,14254633|,a2516285,u,,"211.168.205.163, 13.124.154.181",2023-12-01 14:05:07.122000 UTC,265597,-,0,1,FALSE,FALSE,a,1.4.9,,2023-11-30 11:04:32.896000 UTC,,replay,2023-12-01 14:09:32.770000 UTC,0,0,,,,,,,
2023-12-01 14:09:22.775000 UTC,141,13754,392612951561588339|,14254633|,a2516285,u,,"211.168.205.163, 13.124.154.181",2023-12-01 14:05:07.122000 UTC,255575,-,0,1,FALSE,FALSE,a,1.4.9,,2023-11-30 11:04:21.899000 UTC,,replay,2023-12-01 14:09:22.775000 UTC,0,0,,,,,,,
2023-12-01 14:09:12.663000 UTC,141,13754,392612951561588339|,14254633|,a2516285,u,,"211.168.205.163, 3.37.236.216",2023-12-01 14:05:07.122000 UTC,245570,-,0,1,FALSE,FALSE,a,1.4.9,,2023-11-30 11:04:12.696000 UTC,,replay,2023-12-01 14:09:12.663000 UTC,0,0,,,,,,,
2023-12-01 14:09:02.728000 UTC,141,13754,392612951561588339|,14254633|,a2516285,u,,"211.168.205.163, 3.37.236.216",2023-12-01 14:05:07.122000 UTC,235544,-,0,1,FALSE,FALSE,a,1.4.9,,2023-11-30 11:04:02.047000 UTC,,replay,2023-12-01 14:09:02.728000 UTC,0,0,,,,,,,
2023-12-01 14:08:52.622000 UTC,141,13754,392612951561588339|,14254633|,a2516285,u,,"211.168.205.163, 13.124.154.181",2023-12-01 14:05:07.122000 UTC,225519,-,0,1,FALSE,FALSE,a,1.4.9,,2023-11-30 11:03:52.360000 UTC,,replay,2023-12-01 14:08:52.622000 UTC,0,0,,,,,,,
2023-12-01 14:08:44.918000 UTC,141,13754,392612951561588339|,14254633|,a2516285,u,,"211.168.205.163, 3.37.236.216",2023-12-01 14:05:07.122000 UTC,217760,-,0,1,FALSE,FALSE,a,1.4.9,,2023-11-30 11:03:42.700000 UTC,,replay,2023-12-01 14:08:44.918000 UTC,0,0,,,,,,,
2023-12-01 14:08:33.089000 UTC,141,13754,392612951561588339|,14254633|,a2516285,u,,"211.168.205.163, 3.37.236.216",2023-12-01 14:05:07.122000 UTC,205978,-,0,1,FALSE,FALSE,a,1.4.9,,2023-11-30 11:03:32.886000 UTC,,replay,2023-12-01 14:08:33.089000 UTC,0,0,,,,,,,
2023-12-01 14:08:23.049000 UTC,141,13754,392612951561588339|,14254633|,a2516285,u,,"211.168.205.163, 13.124.154.181",2023-12-01 14:05:07.122000 UTC,195957,-,0,1,FALSE,FALSE,a,1.4.9,,2023-11-30 11:03:22.396000 UTC,,replay,2023-12-01 14:08:23.049000 UTC,0,0,,,,,,,
2023-12-01 14:08:13.050000 UTC,141,13754,392612951561588339|,14254633|,a2516285,u,,"211.168.205.163, 3.37.236.216",2023-12-01 14:05:07.122000 UTC,185928,-,0,1,FALSE,FALSE,a,1.4.9,,2023-11-30 11:03:12.838000 UTC,,replay,2023-12-01 14:08:13.050000 UTC,0,0,,,,,,,
2023-12-01 14:08:03.075000 UTC,141,13754,392612951561588339|,14254633|,a2516285,u,,"211.168.205.163, 13.124.154.181",2023-12-01 14:05:07.122000 UTC,175903,-,0,1,FALSE,FALSE,a,1.4.9,,2023-11-30 11:03:02.228000 UTC,,replay,2023-12-01 14:08:03.075000 UTC,0,0,,,,,,,
2023-12-01 14:07:52.993000 UTC,141,13754,392612951561588339|,14254633|,a2516285,u,,"211.168.205.163, 13.124.154.181",2023-12-01 14:05:07.122000 UTC,165879,-,0,1,FALSE,FALSE,a,1.4.9,,2023-11-30 11:02:52.869000 UTC,,replay,2023-12-01 14:07:52.993000 UTC,0,0,,,,,,,
2023-12-01 14:07:42.991000 UTC,141,13754,392612951561588339|,14254633|,a2516285,u,,"211.168.205.163, 3.37.236.216",2023-12-01 14:05:07.122000 UTC,155806,-,0,1,FALSE,FALSE,a,1.4.9,,2023-11-30 11:02:42.391000 UTC,,replay,2023-12-01 14:07:42.991000 UTC,0,0,,,,,,,
2023-12-01 14:07:32.949000 UTC,141,13754,392612951561588339|,14254633|,a2516285,u,,"211.168.205.163, 13.124.154.181",2023-12-01 14:05:07.122000 UTC,145789,-,0,1,FALSE,FALSE,a,1.4.9,,2023-11-30 11:02:32.903000 UTC,,replay,2023-12-01 14:07:32.949000 UTC,0,0,,,,,,,
2023-12-01 14:07:23.068000 UTC,141,13754,392612951561588339|,14254633|,a2516285,u,,"211.168.205.163, 3.37.236.216",2023-12-01 14:05:07.122000 UTC,135957,-,0,1,FALSE,FALSE,a,1.4.9,,2023-11-30 11:02:22.061000 UTC,,replay,2023-12-01 14:07:23.068000 UTC,0,0,,,,,,,
2023-12-01 14:07:12.882000 UTC,141,13754,392612951561588339|,14254633|,a2516285,u,,"211.168.205.163, 13.124.154.181",2023-12-01 14:05:07.122000 UTC,125751,-,0,1,FALSE,FALSE,a,1.4.9,,2023-11-30 11:02:12.565000 UTC,,replay,2023-12-01 14:07:12.882000 UTC,0,0,,,,,,,
2023-12-01 14:07:02.906000 UTC,141,13754,392612951561588339|,14254633|,a2516285,u,,"211.168.205.163, 13.124.154.181",2023-12-01 14:05:07.122000 UTC,115734,-,0,1,FALSE,FALSE,a,1.4.9,,2023-11-30 11:02:03.030000 UTC,,replay,2023-12-01 14:07:02.906000 UTC,0,0,,,,,,,
2023-12-01 14:06:52.841000 UTC,141,13754,392612951561588339|,14254633|,a2516285,u,,"211.168.205.163, 3.37.236.216",2023-12-01 14:05:07.122000 UTC,105714,-,0,1,FALSE,FALSE,a,1.4.9,,2023-11-30 11:01:52.665000 UTC,,replay,2023-12-01 14:06:52.841000 UTC,0,0,,,,,,,
2023-12-01 14:06:42.876000 UTC,141,13754,392612951561588339|,14254633|,a2516285,u,,"211.168.205.163, 13.124.154.181",2023-12-01 14:05:07.122000 UTC,95691,-,0,1,FALSE,FALSE,a,1.4.9,,2023-11-30 11:01:42.858000 UTC,,replay,2023-12-01 14:06:42.876000 UTC,0,0,,,,,,,
2023-12-01 14:06:32.852000 UTC,141,13754,392612951561588339|,14254633|,a2516285,u,,"211.168.205.163, 3.37.236.216",2023-12-01 14:05:07.122000 UTC,85675,-,0,1,FALSE,FALSE,a,1.4.9,,2023-11-30 11:01:32.394000 UTC,,replay,2023-12-01 14:06:32.852000 UTC,0,0,,,,,,,
2023-12-01 14:06:22.782000 UTC,141,13754,392612951561588339|,14254633|,a2516285,u,,"211.168.205.163, 13.124.154.181",2023-12-01 14:05:07.122000 UTC,75657,-,0,1,FALSE,FALSE,a,1.4.9,,2023-11-30 11:01:22.688000 UTC,,replay,2023-12-01 14:06:22.782000 UTC,0,0,,,,,,,
2023-12-01 14:06:12.824000 UTC,141,13754,392612951561588339|,14254633|,a2516285,u,,"211.168.205.163, 13.124.154.181",2023-12-01 14:05:07.122000 UTC,65636,-,0,1,FALSE,FALSE,a,1.4.9,,2023-11-30 11:01:12.908000 UTC,,replay,2023-12-01 14:06:12.824000 UTC,0,0,,,,,,,
2023-12-01 14:06:02.779000 UTC,141,13754,392612951561588339|,14254633|,a2516285,u,,"211.168.205.163, 13.124.154.181",2023-12-01 14:05:07.122000 UTC,55588,-,0,1,FALSE,FALSE,a,1.4.9,,2023-11-30 11:01:02.066000 UTC,,replay,2023-12-01 14:06:02.779000 UTC,0,0,,,,,,,
2023-12-01 14:05:58.935000 UTC,141,13754,449649108874665659|,13867964|,aa7981868,u,,"222.239.41.243, 3.37.236.216",2023-12-01 14:05:58.036000 UTC,589,-,0,0,FALSE,FALSE,a,1.4.9,,,,replay,2023-12-01 14:05:58.935000 UTC,0,0,,,,,,,
2023-12-01 14:05:58.328000 UTC,141,13754,449649108874665659|,13867964|,aa7981868,u,,"222.239.41.243, 13.124.154.181",2023-12-01 14:05:58.036000 UTC,83,-,0,0,FALSE,FALSE,a,1.4.9,,,,replay,2023-12-01 14:05:58.328000 UTC,0,0,,,,,,,
2023-12-01 14:05:58.246000 UTC,141,13754,449649108874665659|,13867964|,aa7981868,u,,"222.239.41.243, 3.37.236.216",2023-12-01 14:05:58.036000 UTC,4,-,0,0,FALSE,FALSE,a,1.4.9,,,,replay,2023-12-01 14:05:58.246000 UTC,0,0,,,,,,,
2023-12-01 14:05:58.240000 UTC,141,13754,449649108874665659|,13867964|,aa7981868,u,,"222.239.41.243, 13.124.154.181",2023-12-01 14:05:58.036000 UTC,2,-,0,0,FALSE,FALSE,a,1.4.9,,,,replay,2023-12-01 14:05:58.240000 UTC,0,0,,,,,,,
2023-12-01 14:05:52.864000 UTC,141,13754,449649108874665659|,13867964|,aa7981868,u,,"222.239.41.243, 13.124.154.181",2023-12-01 14:05:35.453000 UTC,17113,-,0,0,FALSE,FALSE,a,1.4.9,,2023-11-30 11:00:12.896000 UTC,,replay,2023-12-01 14:05:52.864000 UTC,0,0,,,,,,,
2023-12-01 14:05:52.696000 UTC,141,13754,392612951561588339|,14254633|,a2516285,u,,"211.168.205.163, 13.124.154.181",2023-12-01 14:05:07.122000 UTC,45573,-,0,1,FALSE,FALSE,a,1.4.9,,2023-11-30 11:00:52.572000 UTC,,replay,2023-12-01 14:05:52.696000 UTC,0,0,,,,,,,
2023-12-01 14:05:43.016000 UTC,141,13754,449649108874665659|,13867964|,aa7981868,u,,"222.239.41.243, 13.124.154.181",2023-12-01 14:05:35.453000 UTC,7104,-,0,0,FALSE,FALSE,a,1.4.9,,2023-11-30 11:00:02.685000 UTC,,replay,2023-12-01 14:05:43.016000 UTC,0,0,,,,,,,
2023-12-01 14:05:42.711000 UTC,141,13754,392612951561588339|,14254633|,a2516285,u,,"211.168.205.163, 13.124.154.181",2023-12-01 14:05:07.122000 UTC,35544,-,0,1,FALSE,FALSE,a,1.4.9,,2023-11-30 11:00:41.899000 UTC,,replay,2023-12-01 14:05:42.711000 UTC,0,0,,,,,,,
2023-12-01 14:05:35.682000 UTC,141,13754,449649108874665659|,13867964|,aa7981868,u,,"222.239.41.243, 13.124.154.181",2023-12-01 14:05:35.453000 UTC,2,-,0,0,FALSE,FALSE,a,1.4.9,,,,replay,2023-12-01 14:05:35.682000 UTC,0,0,,,,,,,
2023-12-01 14:05:32.631000 UTC,141,13754,392612951561588339|,14254633|,a2516285,u,,"211.168.205.163, 13.124.154.181",2023-12-01 14:05:07.122000 UTC,25526,-,0,1,FALSE,FALSE,a,1.4.9,,2023-11-30 11:00:32.192000 UTC,,replay,2023-12-01 14:05:32.631000 UTC,0,0,,,,,,,
2023-12-01 14:05:22.616000 UTC,141,13754,392612951561588339|,14254633|,a2516285,u,,"211.168.205.163, 13.124.154.181",2023-12-01 14:05:07.122000 UTC,15502,-,0,1,FALSE,FALSE,a,1.4.9,,2023-11-30 11:00:22.700000 UTC,,replay,2023-12-01 14:05:22.616000 UTC,0,0,,,,,,,
2023-12-01 14:05:13.170000 UTC,141,13754,392612951561588339|,14254633|,a2516285,u,,"211.168.205.163, 13.124.154.181",2023-12-01 14:05:07.122000 UTC,5993,-,0,1,FALSE,FALSE,a,1.4.9,,2023-11-30 11:00:12.896000 UTC,,replay,2023-12-01 14:05:13.170000 UTC,0,0,,,,,,,
2023-12-01 14:05:08.139000 UTC,141,13754,392612951561588339|,14254633|,a2516285,u,,"211.168.205.163, 3.37.236.216",2023-12-01 14:05:07.122000 UTC,1038,-,0,1,FALSE,FALSE,a,1.4.9,,2023-11-30 11:00:07.797000 UTC,,replay,2023-12-01 14:05:08.139000 UTC,0,0,,,,,,,
2023-12-01 14:05:07.177000 UTC,141,13754,392612951561588339|,14254633|,a2516285,u,,"211.168.205.163, 13.124.154.181",2023-12-01 14:05:07.122000 UTC,4,-,0,1,FALSE,FALSE,a,1.4.9,,,,replay,2023-12-01 14:05:07.177000 UTC,0,0,,,,,,,
2023-12-01 14:05:07.099000 UTC,141,13754,392612951561588339|,14254633|,a2516285,u,,"211.168.205.163, 3.37.236.216",2023-12-01 14:05:07.122000 UTC,2,-,0,1,FALSE,FALSE,a,1.4.9,,,,replay,2023-12-01 14:05:07.099000 UTC,0,0,,,,,,,
2023-12-01 14:05:03.095000 UTC,141,13754,392612951561588339|,14254633|,a2516285,u,,"211.168.205.163, 3.37.236.216",2023-12-01 14:04:55.759000 UTC,7313,-,0,1,FALSE,FALSE,a,1.4.9,,2023-11-30 11:00:02.685000 UTC,,replay,2023-12-01 14:05:03.095000 UTC,0,0,,,,,,,
2023-12-01 14:04:55.738000 UTC,141,13754,392612951561588339|,14254633|,a2516285,u,,"211.168.205.163, 13.124.154.181",2023-12-01 14:04:55.759000 UTC,4,-,0,0,FALSE,FALSE,a,1.4.9,,,,replay,2023-12-01 14:04:55.738000 UTC,0,0,,,,,,,
2023-12-01 14:00:23.707000 UTC,141,13754,2325242843176353424|,14105258|,b4079787,u,,"49.143.151.182, 13.124.154.181",2023-12-01 14:00:05.404000 UTC,18167,-,0,0,FALSE,FALSE,a,1.4.9,,2023-11-30 11:00:12.896000 UTC,,replay,2023-12-01 14:00:23.707000 UTC,0,0,,,,,,,
2023-12-01 14:00:13.735000 UTC,141,13754,2325242843176353424|,14105258|,b4079787,u,,"49.143.151.182, 3.37.236.216",2023-12-01 14:00:05.404000 UTC,8147,-,0,0,FALSE,FALSE,a,1.4.9,,2023-11-30 11:00:02.685000 UTC,,replay,2023-12-01 14:00:13.735000 UTC,0,0,,,,,,,
2023-12-01 14:00:05.565000 UTC,141,13754,2325242843176353424|,14105258|,b4079787,u,,"49.143.151.182, 13.124.154.181",2023-12-01 14:00:05.404000 UTC,4,-,0,0,FALSE,FALSE,a,1.4.9,,,,replay,2023-12-01 14:00:05.565000 UTC,0,0,,,,,,,
2023-12-01 13:51:29.078000 UTC,141,13754,453118150872766047|,17516327|,aa699272,u,,"125.135.248.57, 13.124.154.181",2023-12-01 13:51:29.301000 UTC,2,-,0,0,FALSE,FALSE,a,1.4.9,,,,replay,2023-12-01 13:51:29.078000 UTC,0,0,,,,,,,
2023-12-01 13:47:53.412000 UTC,141,13754,530226450222728214|,13107538|,a8794446,u,,"119.206.135.136, 13.124.154.181",2023-12-01 13:47:53.273000 UTC,3,-,0,0,FALSE,FALSE,a,1.4.9,,,,replay,2023-12-01 13:47:53.412000 UTC,0,0,,,,,,,
2023-12-01 13:47:03.360000 UTC,141,13754,392239316988580281|,15337852|,b3441332,u,,"1.240.130.207, 13.124.154.181",2023-12-01 13:46:26.385000 UTC,37439,-,0,0,FALSE,FALSE,a,1.4.2,,2023-11-30 11:00:41.899000 UTC,,replay,2023-12-01 13:47:03.360000 UTC,0,0,,,,,,,
2023-12-01 13:46:53.346000 UTC,141,13754,392239316988580281|,15337852|,b3441332,u,,"1.240.130.207, 13.124.154.181",2023-12-01 13:46:26.385000 UTC,27379,-,0,0,FALSE,FALSE,a,1.4.2,,2023-11-30 11:00:32.192000 UTC,,replay,2023-12-01 13:46:53.346000 UTC,0,0,,,,,,,
2023-12-01 13:46:43.277000 UTC,141,13754,392239316988580281|,15337852|,b3441332,u,,"1.240.130.207, 3.37.236.216",2023-12-01 13:46:26.385000 UTC,17341,-,0,0,FALSE,FALSE,a,1.4.2,,2023-11-30 11:00:22.700000 UTC,,replay,2023-12-01 13:46:43.277000 UTC,0,0,,,,,,,
2023-12-01 13:46:33.728000 UTC,141,13754,392239316988580281|,15337852|,b3441332,u,,"1.240.130.207, 3.37.236.216",2023-12-01 13:46:26.385000 UTC,7805,-,0,0,FALSE,FALSE,a,1.4.2,,2023-11-30 11:00:12.896000 UTC,,replay,2023-12-01 13:46:33.728000 UTC,0,0,,,,,,,
2023-12-01 13:46:26.198000 UTC,141,13754,392239316988580281|,15337852|,b3441332,u,,"1.240.130.207, 13.124.154.181",2023-12-01 13:46:26.385000 UTC,270,-,0,0,FALSE,FALSE,a,1.4.2,,2023-11-30 11:00:05.694000 UTC,,replay,2023-12-01 13:46:26.198000 UTC,0,0,,,,,,,
2023-12-01 13:46:25.887000 UTC,141,13754,392239316988580281|,15337852|,b3441332,u,,"1.240.130.207, 3.37.236.216",2023-12-01 13:46:26.385000 UTC,1,-,0,0,FALSE,FALSE,a,1.4.2,,,,replay,2023-12-01 13:46:25.887000 UTC,0,0,,,,,,,
2023-12-01 13:46:25.872000 UTC,141,13754,392239316988580281|,15337852|,b3441332,u,,"1.240.130.207, 13.124.154.181",2023-12-01 13:46:26.385000 UTC,2,-,0,0,FALSE,FALSE,a,1.4.2,,,,replay,2023-12-01 13:46:25.872000 UTC,0,0,,,,,,,
2023-12-01 13:46:16.950000 UTC,141,13754,392239316988580281|,15337852|,b3441332,u,,"1.240.130.207, 3.37.236.216",2023-12-01 13:46:17.374000 UTC,6,-,0,0,FALSE,FALSE,a,1.4.2,,,,replay,2023-12-01 13:46:16.950000 UTC,0,0,,,,,,,
2023-12-01 13:41:20.809000 UTC,141,13754,2324309859107749515|,21478722|,a4011493,u,,"58.233.225.133, 3.37.236.216",2023-12-01 13:41:21.488000 UTC,4,-,0,0,FALSE,FALSE,a,1.4.9,,,,replay,2023-12-01 13:41:20.809000 UTC,0,0,,,,,,,
2023-12-01 13:39:48.649000 UTC,141,13754,2901702774469406237|,|,,,,"118.235.25.80, 3.37.236.216",2023-12-01 13:39:42.101000 UTC,6601,-,0,0,FALSE,FALSE,a,1.4.2,,2023-11-30 11:00:02.388000 UTC,,replay,2023-12-01 13:39:48.649000 UTC,0,0,,,,,,,
2023-12-01 13:39:42.320000 UTC,141,13754,476299064863757001|,11056328|,a8798194,u,,"118.220.253.230, 3.37.236.216",2023-12-01 13:39:42.504000 UTC,3,-,0,0,FALSE,FALSE,a,1.4.9,,,,replay,2023-12-01 13:39:42.320000 UTC,0,0,,,,,,,
2023-12-01 13:39:42.037000 UTC,141,13754,2901702774469406237|,|,,,,"118.235.25.80, 3.37.236.216",2023-12-01 13:39:42.101000 UTC,3,-,0,0,FALSE,FALSE,a,1.4.2,,,,replay,2023-12-01 13:39:42.037000 UTC,0,0,,,,,,,
2023-12-01 13:39:07.806000 UTC,141,13754,2324309859107749515|,21478722|,a4011493,u,,"58.233.225.133, 13.124.154.181",2023-12-01 13:39:00.573000 UTC,7916,-,0,0,FALSE,FALSE,a,1.4.9,,2023-11-30 11:00:02.685000 UTC,,replay,2023-12-01 13:39:07.806000 UTC,0,0,,,,,,,
2023-12-01 13:38:59.901000 UTC,141,13754,2324309859107749515|,21478722|,a4011493,u,,"58.233.225.133, 3.37.236.216",2023-12-01 13:39:00.573000 UTC,4,-,0,0,FALSE,FALSE,a,1.4.9,,,,replay,2023-12-01 13:38:59.901000 UTC,0,0,,,,,,,
2023-12-01 13:29:45.220000 UTC,141,13754,575489717644021954|,20341564|,b2748682,u,,"121.189.123.119, 3.37.236.216",2023-12-01 13:29:45.956000 UTC,5,-,0,0,FALSE,FALSE,a,1.4.9,,,,replay,2023-12-01 13:29:45.220000 UTC,0,0,,,,,,,
2023-12-01 13:21:43.228000 UTC,141,13754,2325241298196086348|,21737437|,a6590057,u,,"175.118.5.189, 13.124.154.181",2023-12-01 13:21:43.126000 UTC,2,-,0,0,FALSE,FALSE,i,1.5.0,,,,replay,2023-12-01 13:21:43.228000 UTC,0,0,,,,,,,
2023-12-01 13:19:41.403000 UTC,141,13754,385781271823831220|,7027527|,a9417832,u,,"210.223.102.72, 3.37.236.216",2023-12-01 13:19:33.556000 UTC,7312,-,0,0,FALSE,FALSE,a,1.4.9,,2023-11-30 11:00:02.685000 UTC,,replay,2023-12-01 13:19:41.403000 UTC,0,0,,,,,,,
2023-12-01 13:19:34.177000 UTC,141,13754,385781271823831220|,7027527|,a9417832,u,,"210.223.102.72, 3.37.236.216",2023-12-01 13:19:33.556000 UTC,3,-,0,0,FALSE,FALSE,a,1.4.9,,,,replay,2023-12-01 13:19:34.177000 UTC,0,0,,,,,,,
2023-12-01 13:17:57.611000 UTC,141,13754,2325180783717661621|,21579388|,aba6444447,u,,"116.41.46.219, 3.37.236.216",2023-12-01 13:17:21.039000 UTC,36848,-,0,0,FALSE,FALSE,a,1.4.9,,2023-11-30 11:00:32.192000 UTC,,replay,2023-12-01 13:17:57.611000 UTC,0,0,,,,,,,
2023-12-01 13:17:47.522000 UTC,141,13754,2325180783717661621|,21579388|,aba6444447,u,,"116.41.46.219, 13.124.154.181",2023-12-01 13:17:21.039000 UTC,26822,-,0,0,FALSE,FALSE,a,1.4.9,,2023-11-30 11:00:22.700000 UTC,,replay,2023-12-01 13:17:47.522000 UTC,0,0,,,,,,,
2023-12-01 13:17:37.570000 UTC,141,13754,2325180783717661621|,21579388|,aba6444447,u,,"116.41.46.219, 3.37.236.216",2023-12-01 13:17:21.039000 UTC,16800,-,0,0,FALSE,FALSE,a,1.4.9,,2023-11-30 11:00:11.891000 UTC,,replay,2023-12-01 13:17:37.570000 UTC,0,0,,,,,,,
2023-12-01 13:17:27.726000 UTC,141,13754,2325180783717661621|,21579388|,aba6444447,u,,"116.41.46.219, 3.37.236.216",2023-12-01 13:17:21.039000 UTC,6794,-,0,0,FALSE,FALSE,a,1.4.9,,2023-11-30 11:00:02.685000 UTC,,replay,2023-12-01 13:17:27.726000 UTC,0,0,,,,,,,
2023-12-01 13:17:20.779000 UTC,141,13754,2325180783717661621|,21579388|,aba6444447,u,,"116.41.46.219, 3.37.236.216",2023-12-01 13:17:21.039000 UTC,2,-,0,0,FALSE,FALSE,a,1.4.9,,,,replay,2023-12-01 13:17:20.779000 UTC,0,0,,,,,,,
2023-12-01 13:15:15.439000 UTC,141,13459,1603509330896876|,17084873|,a1225894,u,,"1.241.80.42, 13.124.154.181",2023-12-01 13:14:58.674000 UTC,16654,-,0,0,FALSE,FALSE,a,1.4.9,,2023-11-23 10:59:16.364000 UTC,,replay,2023-12-01 13:15:15.439000 UTC,0,0,,,,,,,
2023-12-01 13:15:05.474000 UTC,141,13459,1603509330896876|,17084873|,a1225894,u,,"1.241.80.42, 3.37.236.216",2023-12-01 13:14:58.674000 UTC,6630,-,0,0,FALSE,FALSE,a,1.4.9,,2023-11-23 10:59:06.352000 UTC,,replay,2023-12-01 13:15:05.474000 UTC,0,0,,,,,,,
2023-12-01 13:15:03.644000 UTC,141,13754,2323963865266485802|,21415312|,a5343571,u,,"180.69.196.206, 3.37.236.216",2023-12-01 13:15:03.155000 UTC,3,-,0,0,FALSE,FALSE,w,99.0.0,,,,replay,2023-12-01 13:15:03.644000 UTC,0,0,,,,,,,
2023-12-01 13:14:58.864000 UTC,141,13459,1603509330896876|,17084873|,a1225894,u,,"1.241.80.42, 3.37.236.216",2023-12-01 13:14:58.674000 UTC,2,-,0,0,FALSE,FALSE,a,1.4.9,,,,replay,2023-12-01 13:14:58.864000 UTC,0,0,,,,,,,
2023-12-01 13:14:57.350000 UTC,141,13754,502426771485422694|,11598962|,a9851609,u,,"119.64.198.68, 3.37.236.216",2023-12-01 13:14:59.410000 UTC,3,-,0,0,FALSE,FALSE,a,1.4.9,,,,replay,2023-12-01 13:14:57.350000 UTC,0,0,,,,,,,
2023-12-01 13:12:45.447000 UTC,141,13754,2901701689587506717|,|,,,,"106.101.197.101, 13.124.154.181",2023-12-01 13:12:45.293000 UTC,2,-,0,0,FALSE,FALSE,a,1.4.9,,,,replay,2023-12-01 13:12:45.447000 UTC,0,0,,,,,,,
2023-12-01 13:08:48.349000 UTC,141,13754,397467825826811328|,3856412|,aa8568638,u,,"115.22.214.244, 3.37.236.216",2023-12-01 13:08:12.587000 UTC,36515,-,0,0,FALSE,FALSE,a,1.4.9,,2023-11-30 11:00:32.192000 UTC,,replay,2023-12-01 13:08:48.349000 UTC,0,0,,,,,,,
2023-12-01 13:08:38.342000 UTC,141,13754,397467825826811328|,3856412|,aa8568638,u,,"115.22.214.244, 13.124.154.181",2023-12-01 13:08:12.587000 UTC,26452,-,0,0,FALSE,FALSE,a,1.4.9,,2023-11-30 11:00:22.700000 UTC,,replay,2023-12-01 13:08:38.342000 UTC,0,0,,,,,,,
2023-12-01 13:08:28.210000 UTC,141,13754,397467825826811328|,3856412|,aa8568638,u,,"115.22.214.244, 3.37.236.216",2023-12-01 13:08:12.587000 UTC,16313,-,0,0,FALSE,FALSE,a,1.4.9,,2023-11-30 11:00:12.896000 UTC,,replay,2023-12-01 13:08:28.210000 UTC,0,0,,,,,,,
2023-12-01 13:08:18.531000 UTC,141,13754,397467825826811328|,3856412|,aa8568638,u,,"115.22.214.244, 13.124.154.181",2023-12-01 13:08:12.587000 UTC,6672,-,0,0,FALSE,FALSE,a,1.4.9,,2023-11-30 11:00:02.685000 UTC,,replay,2023-12-01 13:08:18.531000 UTC,0,0,,,,,,,
2023-12-01 13:08:11.907000 UTC,141,13754,397467825826811328|,3856412|,aa8568638,u,,"115.22.214.244, 3.37.236.216",2023-12-01 13:08:12.587000 UTC,2,-,0,0,FALSE,FALSE,a,1.4.9,,,,replay,2023-12-01 13:08:11.907000 UTC,0,0,,,,,,,
2023-12-01 13:01:56.778000 UTC,141,13754,542408318779050731|,19370969|,a6612760,u,,"14.47.103.248, 13.124.154.181",2023-12-01 13:01:31.504000 UTC,26183,-,0,0,FALSE,FALSE,a,1.4.9,,2023-11-30 11:00:22.700000 UTC,,replay,2023-12-01 13:01:56.778000 UTC,0,0,,,,,,,
2023-12-01 13:01:46.592000 UTC,141,13754,542408318779050731|,19370969|,a6612760,u,,"14.47.103.248, 13.124.154.181",2023-12-01 13:01:31.504000 UTC,15924,-,0,0,FALSE,FALSE,a,1.4.9,,2023-11-30 11:00:12.896000 UTC,,replay,2023-12-01 13:01:46.592000 UTC,0,0,,,,,,,
2023-12-01 13:01:36.877000 UTC,141,13754,542408318779050731|,19370969|,a6612760,u,,"14.47.103.248, 3.37.236.216",2023-12-01 13:01:31.504000 UTC,6246,-,0,0,FALSE,FALSE,a,1.4.9,,2023-11-30 11:00:02.685000 UTC,,replay,2023-12-01 13:01:36.877000 UTC,0,0,,,,,,,
2023-12-01 13:01:30.594000 UTC,141,13754,542408318779050731|,19370969|,a6612760,u,,"14.47.103.248, 13.124.154.181",2023-12-01 13:01:31.504000 UTC,2,-,0,0,FALSE,FALSE,a,1.4.9,,,,replay,2023-12-01 13:01:30.594000 UTC,0,0,,,,,,,
2023-12-01 13:00:27.011000 UTC,141,13754,525070659342010067|,18815936|,aa4218725,u,,"122.43.204.161, 13.124.154.181",2023-12-01 12:59:46.942000 UTC,38806,-,0,0,FALSE,FALSE,a,1.4.9,,2023-11-30 11:00:33.216000 UTC,,replay,2023-12-01 13:00:27.011000 UTC,0,0,,,,,,,
2023-12-01 13:00:15.361000 UTC,141,13754,525070659342010067|,18815936|,aa4218725,u,,"122.43.204.161, 3.37.236.216",2023-12-01 12:59:46.942000 UTC,27121,-,0,0,FALSE,FALSE,a,1.4.9,,2023-11-30 11:00:22.700000 UTC,,replay,2023-12-01 13:00:15.361000 UTC,0,0,,,,,,,
2023-12-01 13:00:05.335000 UTC,141,13754,525070659342010067|,18815936|,aa4218725,u,,"122.43.204.161, 3.37.236.216",2023-12-01 12:59:46.942000 UTC,17061,-,0,0,FALSE,FALSE,a,1.4.9,,2023-11-30 11:00:12.896000 UTC,,replay,2023-12-01 13:00:05.335000 UTC,0,0,,,,,,,
2023-12-01 12:59:55.190000 UTC,141,13754,525070659342010067|,18815936|,aa4218725,u,,"122.43.204.161, 3.37.236.216",2023-12-01 12:59:46.942000 UTC,6905,-,0,0,FALSE,FALSE,a,1.4.9,,2023-11-30 11:00:02.685000 UTC,,replay,2023-12-01 12:59:55.190000 UTC,0,0,,,,,,,
2023-12-01 12:59:48.204000 UTC,141,13754,525070659342010067|,18815936|,aa4218725,u,,"122.43.204.161, 13.124.154.181",2023-12-01 12:59:46.942000 UTC,7,-,0,0,FALSE,FALSE,a,1.4.9,,,,replay,2023-12-01 12:59:48.204000 UTC,0,0,,,,,,,
2023-12-01 12:54:54.227000 UTC,141,13258,392649190079691278|,12436679|,a5087380,u,,"118.235.24.200, 13.124.154.181",2023-12-01 12:54:47.995000 UTC,5495,-,0,0,FALSE,FALSE,w,99.0.0,,2023-11-15 11:29:14.141000 UTC,,replay,2023-12-01 12:54:54.227000 UTC,0,0,,,,,,,
2023-12-01 12:54:48.685000 UTC,141,13258,392649190079691278|,12436679|,a5087380,u,,"118.235.24.200, 13.124.154.181",2023-12-01 12:54:47.995000 UTC,3,-,0,0,FALSE,FALSE,w,99.0.0,,,,replay,2023-12-01 12:54:48.685000 UTC,0,0,,,,,,,
2023-12-01 12:53:51.854000 UTC,141,13754,2901700908708765182|,|,,,,"118.235.2.150, 13.124.154.181",2023-12-01 12:53:21.517000 UTC,29957,-,0,0,FALSE,FALSE,w,99.0.0,,2023-11-30 11:01:34.530000 UTC,,replay,2023-12-01 12:53:51.854000 UTC,0,0,,,,,,,
2023-12-01 12:53:41.866000 UTC,141,13754,2901700908708765182|,|,,,,"118.235.2.150, 3.37.236.216",2023-12-01 12:53:21.517000 UTC,19927,-,0,0,FALSE,FALSE,w,99.0.0,,2023-11-30 11:01:24.696000 UTC,,replay,2023-12-01 12:53:41.866000 UTC,0,0,,,,,,,
2023-12-01 12:53:36.995000 UTC,141,13754,2901700908708765182|,|,,,,"118.235.2.150, 3.37.236.216",2023-12-01 12:53:21.517000 UTC,15119,-,0,0,FALSE,FALSE,w,99.0.0,,2023-11-30 11:01:19.369000 UTC,,replay,2023-12-01 12:53:36.995000 UTC,0,0,,,,,,,
2023-12-01 12:53:33.862000 UTC,141,13754,2901700908708765182|,|,,,,"118.235.2.150, 3.37.236.216",2023-12-01 12:53:21.517000 UTC,11895,-,0,0,FALSE,FALSE,w,99.0.0,,2023-11-30 11:05:28.896000 UTC,,replay,2023-12-01 12:53:33.862000 UTC,0,0,,,,,,,
2023-12-01 12:53:27.266000 UTC,141,13754,2901700908708765182|,|,,,,"118.235.2.150, 3.37.236.216",2023-12-01 12:53:21.517000 UTC,5372,-,0,0,FALSE,FALSE,w,99.0.0,,2023-11-30 10:59:59.362000 UTC,,replay,2023-12-01 12:53:27.266000 UTC,0,0,,,,,,,
2023-12-01 12:53:22.204000 UTC,141,13754,2901700908708765182|,|,,,,"118.235.2.150, 3.37.236.216",2023-12-01 12:53:21.517000 UTC,3,-,0,0,FALSE,FALSE,w,99.0.0,,,,replay,2023-12-01 12:53:22.204000 UTC,0,0,,,,,,,
2023-12-01 12:53:00.517000 UTC,141,13754,2901700868107902459|,|,,,,"118.235.2.150, 3.37.236.216",2023-12-01 12:52:41.476000 UTC,18582,-,0,0,FALSE,FALSE,w,99.0.0,,,,replay,2023-12-01 12:53:00.517000 UTC,0,0,,,,,,,
2023-12-01 12:52:48.232000 UTC,141,13754,2901700868107902459|,|,,,,"118.235.2.150, 3.37.236.216",2023-12-01 12:52:41.476000 UTC,6318,-,0,0,FALSE,FALSE,w,99.0.0,,,,replay,2023-12-01 12:52:48.232000 UTC,0,0,,,,,,,
2023-12-01 12:52:46.444000 UTC,141,13754,2901700868107902459|,|,,,,"118.235.2.150, 3.37.236.216",2023-12-01 12:52:41.476000 UTC,4534,-,0,0,FALSE,FALSE,w,99.0.0,,,,replay,2023-12-01 12:52:46.444000 UTC,0,0,,,,,,,
2023-12-01 12:52:21.503000 UTC,141,13754,2901700868107902459|,|,,,,"118.235.2.150, 13.124.154.181",2023-12-01 12:52:21.087000 UTC,3,-,0,0,FALSE,FALSE,w,99.0.0,,,,replay,2023-12-01 12:52:21.503000 UTC,0,0,,,,,,,
2023-12-01 12:47:24.771000 UTC,141,13459,2325178516578908604|,21460820|,a7272176,u,,"112.185.9.31, 13.124.154.181",2023-12-01 12:46:46.855000 UTC,37702,-,0,0,FALSE,FALSE,a,1.4.9,,2023-11-23 10:59:36.543000 UTC,,replay,2023-12-01 12:47:24.771000 UTC,0,0,,,,,,,
2023-12-01 12:47:14.541000 UTC,141,13459,2325178516578908604|,21460820|,a7272176,u,,"112.185.9.31, 3.37.236.216",2023-12-01 12:46:46.855000 UTC,27542,-,0,0,FALSE,FALSE,a,1.4.9,,2023-11-23 10:59:26.553000 UTC,,replay,2023-12-01 12:47:14.541000 UTC,0,0,,,,,,,
2023-12-01 12:47:04.528000 UTC,141,13459,2325178516578908604|,21460820|,a7272176,u,,"112.185.9.31, 3.37.236.216",2023-12-01 12:46:46.855000 UTC,17445,-,0,0,FALSE,FALSE,a,1.4.9,,2023-11-23 10:59:16.364000 UTC,,replay,2023-12-01 12:47:04.528000 UTC,0,0,,,,,,,
2023-12-01 12:46:54.775000 UTC,141,13459,2325178516578908604|,21460820|,a7272176,u,,"112.185.9.31, 13.124.154.181",2023-12-01 12:46:46.855000 UTC,7770,-,0,0,FALSE,FALSE,a,1.4.9,,2023-11-23 10:59:06.352000 UTC,,replay,2023-12-01 12:46:54.775000 UTC,0,0,,,,,,,
2023-12-01 12:46:47.062000 UTC,141,13459,2325178516578908604|,21460820|,a7272176,u,,"112.185.9.31, 13.124.154.181",2023-12-01 12:46:46.855000 UTC,5,-,0,0,FALSE,FALSE,a,1.4.9,,,,replay,2023-12-01 12:46:47.062000 UTC,0,0,,,,,,,
2023-12-01 12:44:08.887000 UTC,141,13754,494350190443829622|,17699457|,aa3742491,u,,"175.124.73.240, 3.37.236.216",2023-12-01 12:44:03.683000 UTC,4960,-,0,0,FALSE,FALSE,a,1.4.9,,2023-11-30 11:00:24.837000 UTC,,replay,2023-12-01 12:44:08.887000 UTC,0,0,,,,,,,
2023-12-01 12:44:04.091000 UTC,141,13754,494350190443829622|,17699457|,aa3742491,u,,"175.124.73.240, 13.124.154.181",2023-12-01 12:44:03.683000 UTC,2,-,0,0,FALSE,FALSE,a,1.4.9,,,,replay,2023-12-01 12:44:04.091000 UTC,0,0,,,,,,,
2023-12-01 12:44:04.076000 UTC,141,13754,494350190443829622|,17699457|,aa3742491,u,,"175.124.73.240, 3.37.236.216",2023-12-01 12:44:03.683000 UTC,3,-,0,0,FALSE,FALSE,a,1.4.9,,,,replay,2023-12-01 12:44:04.076000 UTC,0,0,,,,,,,
2023-12-01 12:43:56.308000 UTC,141,13754,494350190443829622|,17699457|,aa3742491,u,,"175.124.73.240, 13.124.154.181",2023-12-01 12:43:39.466000 UTC,16644,-,0,0,FALSE,FALSE,a,1.4.9,,2023-11-30 11:00:11.891000 UTC,,replay,2023-12-01 12:43:56.308000 UTC,0,0,,,,,,,
2023-12-01 12:43:46.547000 UTC,141,13754,494350190443829622|,17699457|,aa3742491,u,,"175.124.73.240, 3.37.236.216",2023-12-01 12:43:39.466000 UTC,6620,-,0,0,FALSE,FALSE,a,1.4.9,,2023-11-30 11:00:02.685000 UTC,,replay,2023-12-01 12:43:46.547000 UTC,0,0,,,,,,,
2023-12-01 12:43:39.673000 UTC,141,13754,494350190443829622|,17699457|,aa3742491,u,,"175.124.73.240, 13.124.154.181",2023-12-01 12:43:39.466000 UTC,1,-,0,0,FALSE,FALSE,a,1.4.9,,,,replay,2023-12-01 12:43:39.673000 UTC,0,0,,,,,,,
2023-12-01 12:36:55.510000 UTC,141,13754,465896151762627960|,16222258|,a8880162,u,,"106.101.194.222, 13.124.154.181",2023-12-01 12:36:54.962000 UTC,3,-,0,0,FALSE,FALSE,a,1.4.9,,,,replay,2023-12-01 12:36:55.510000 UTC,0,0,,,,,,,
2023-12-01 12:36:55.492000 UTC,141,13754,465896151762627960|,16222258|,a8880162,u,,"106.101.194.222, 3.37.236.216",2023-12-01 12:36:54.962000 UTC,1,-,0,0,FALSE,FALSE,a,1.4.9,,,,replay,2023-12-01 12:36:55.492000 UTC,0,0,,,,,,,
2023-12-01 12:36:44.167000 UTC,141,13754,465896151762627960|,16222258|,a8880162,u,,"106.101.194.222, 3.37.236.216",2023-12-01 12:36:26.474000 UTC,17246,-,0,0,FALSE,FALSE,a,1.4.9,,2023-11-30 11:00:12.896000 UTC,,replay,2023-12-01 12:36:44.167000 UTC,0,0,,,,,,,
2023-12-01 12:36:34.118000 UTC,141,13754,465896151762627960|,16222258|,a8880162,u,,"106.101.194.222, 13.124.154.181",2023-12-01 12:36:26.474000 UTC,7180,-,0,0,FALSE,FALSE,a,1.4.9,,2023-11-30 11:00:02.388000 UTC,,replay,2023-12-01 12:36:34.118000 UTC,0,0,,,,,,,
2023-12-01 12:36:27.016000 UTC,141,13754,465896151762627960|,16222258|,a8880162,u,,"106.101.194.222, 3.37.236.216",2023-12-01 12:36:26.474000 UTC,3,-,0,0,FALSE,FALSE,a,1.4.9,,,,replay,2023-12-01 12:36:27.016000 UTC,0,0,,,,,,,
2023-12-01 12:35:59.608000 UTC,141,13754,559806180840436835|,20463770|,a6804439,u,,"112.184.242.22, 13.124.154.181",2023-12-01 12:35:59.132000 UTC,7,-,0,2,FALSE,FALSE,a,1.4.9,,,,replay,2023-12-01 12:35:59.608000 UTC,0,0,,,,,,,
2023-12-01 12:35:32.032000 UTC,141,13754,2325179840032601851|,13520425|,aba7314444,u,,"115.20.148.87, 3.37.236.216",2023-12-01 12:35:22.966000 UTC,9095,-,0,0,FALSE,FALSE,a,1.4.9,,2023-11-30 11:00:02.685000 UTC,,replay,2023-12-01 12:35:32.032000 UTC,0,0,,,,,,,
2023-12-01 12:35:22.929000 UTC,141,13754,2325179840032601851|,13520425|,aba7314444,u,,"115.20.148.87, 3.37.236.216",2023-12-01 12:35:22.966000 UTC,10,-,0,0,FALSE,FALSE,a,1.4.9,,,,replay,2023-12-01 12:35:22.929000 UTC,0,0,,,,,,,
2023-12-01 12:31:59.564000 UTC,141,13458,518147641017373071|,18256609|,aba6444447,u,,"118.235.11.195, 13.124.154.181",2023-12-01 12:31:59.863000 UTC,2,-,0,0,FALSE,FALSE,a,1.4.9,,,,replay,2023-12-01 12:31:59.564000 UTC,0,0,,,,,,,
2023-12-01 12:29:49.749000 UTC,141,13754,404414763159344903|,11162366|,a3323788,u,,"211.204.242.212, 13.124.154.181",2023-12-01 12:25:29.475000 UTC,260427,-,0,0,FALSE,FALSE,a,1.4.9,,2023-11-30 11:40:48.126000 UTC,,replay,2023-12-01 12:29:49.749000 UTC,0,0,,,,,,,
2023-12-01 12:29:48.759000 UTC,141,13754,404414763159344903|,11162366|,a3323788,u,,"211.204.242.212, 3.37.236.216",2023-12-01 12:25:29.475000 UTC,259436,-,0,0,FALSE,FALSE,a,1.4.9,,2023-11-30 11:40:48.126000 UTC,,replay,2023-12-01 12:29:48.759000 UTC,0,0,,,,,,,
2023-12-01 12:29:47.769000 UTC,141,13754,404414763159344903|,11162366|,a3323788,u,,"211.204.242.212, 3.37.236.216",2023-12-01 12:25:29.475000 UTC,258502,-,0,0,FALSE,FALSE,a,1.4.9,,2023-11-30 11:40:48.126000 UTC,,replay,2023-12-01 12:29:47.769000 UTC,0,0,,,,,,,
2023-12-01 12:29:45.664000 UTC,141,13754,531402817807271380|,19820837|,bb2574175,u,,"119.149.136.62, 13.124.154.181",2023-12-01 12:29:38.563000 UTC,6660,-,0,0,FALSE,FALSE,a,1.4.9,,2023-11-30 11:00:02.685000 UTC,,replay,2023-12-01 12:29:45.664000 UTC,0,0,,,,,,,
2023-12-01 12:29:44.988000 UTC,141,13754,404414763159344903|,11162366|,a3323788,u,,"211.204.242.212, 3.37.236.216",2023-12-01 12:25:29.475000 UTC,255730,-,0,0,FALSE,FALSE,a,1.4.9,,2023-11-30 11:38:41.558000 UTC,,replay,2023-12-01 12:29:44.988000 UTC,0,0,,,,,,,
2023-12-01 12:29:44.192000 UTC,141,13754,404414763159344903|,11162366|,a3323788,u,,"211.204.242.212, 13.124.154.181",2023-12-01 12:25:29.475000 UTC,254920,-,0,0,FALSE,FALSE,a,1.4.9,,2023-11-30 11:38:41.558000 UTC,,replay,2023-12-01 12:29:44.192000 UTC,0,0,,,,,,,
2023-12-01 12:29:39.497000 UTC,141,13754,404414763159344903|,11162366|,a3323788,u,,"211.204.242.212, 13.124.154.181",2023-12-01 12:25:29.475000 UTC,250162,-,0,0,FALSE,FALSE,a,1.4.9,,2023-11-30 11:43:35.823000 UTC,,replay,2023-12-01 12:29:39.497000 UTC,0,0,,,,,,,
2023-12-01 12:29:39.054000 UTC,141,13754,531402817807271380|,19820837|,bb2574175,u,,"119.149.136.62, 13.124.154.181",2023-12-01 12:29:38.563000 UTC,6,-,0,0,FALSE,FALSE,a,1.4.9,,,,replay,2023-12-01 12:29:39.054000 UTC,0,0,,,,,,,
2023-12-01 12:29:34.782000 UTC,141,13754,404414763159344903|,11162366|,a3323788,u,,"211.204.242.212, 13.124.154.181",2023-12-01 12:25:29.475000 UTC,245452,-,0,0,FALSE,FALSE,a,1.4.9,,2023-11-30 11:41:58.161000 UTC,,replay,2023-12-01 12:29:34.782000 UTC,0,0,,,,,,,
2023-12-01 12:29:30.754000 UTC,141,13754,404414763159344903|,11162366|,a3323788,u,,"211.204.242.212, 3.37.236.216",2023-12-01 12:25:29.475000 UTC,241409,-,0,0,FALSE,FALSE,a,1.4.9,,2023-11-30 11:36:37.291000 UTC,,replay,2023-12-01 12:29:30.754000 UTC,0,0,,,,,,,
2023-12-01 12:29:26.925000 UTC,141,13754,404414763159344903|,11162366|,a3323788,u,,"211.204.242.212, 3.37.236.216",2023-12-01 12:25:29.475000 UTC,237552,-,0,0,FALSE,FALSE,a,1.4.9,,2023-11-30 11:36:33.129000 UTC,,replay,2023-12-01 12:29:26.925000 UTC,0,0,,,,,,,
2023-12-01 12:29:21.363000 UTC,141,13754,404414763159344903|,11162366|,a3323788,u,,"211.204.242.212, 3.37.236.216",2023-12-01 12:25:29.475000 UTC,232077,-,0,0,FALSE,FALSE,a,1.4.9,,2023-11-30 11:34:53.934000 UTC,,replay,2023-12-01 12:29:21.363000 UTC,0,0,,,,,,,
2023-12-01 12:29:18.193000 UTC,141,13754,404414763159344903|,11162366|,a3323788,u,,"211.204.242.212, 3.37.236.216",2023-12-01 12:25:29.475000 UTC,228733,-,0,0,FALSE,FALSE,a,1.4.9,,2023-11-30 11:30:52.094000 UTC,,replay,2023-12-01 12:29:18.193000 UTC,0,0,,,,,,,
2023-12-01 12:29:12.812000 UTC,141,13754,404414763159344903|,11162366|,a3323788,u,,"211.204.242.212, 13.124.154.181",2023-12-01 12:25:29.475000 UTC,223531,-,0,0,FALSE,FALSE,a,1.4.9,,2023-11-30 11:30:46.471000 UTC,,replay,2023-12-01 12:29:12.812000 UTC,0,0,,,,,,,
2023-12-01 12:29:07.066000 UTC,141,13754,404414763159344903|,11162366|,a3323788,u,,"211.204.242.212, 3.37.236.216",2023-12-01 12:25:29.475000 UTC,217724,-,0,0,FALSE,FALSE,a,1.4.9,,2023-11-30 11:24:33.625000 UTC,,replay,2023-12-01 12:29:07.066000 UTC,0,0,,,,,,,
2023-12-01 12:29:06.055000 UTC,141,13754,404414763159344903|,11162366|,a3323788,u,,"211.204.242.212, 13.124.154.181",2023-12-01 12:25:29.475000 UTC,216707,-,0,0,FALSE,FALSE,a,1.4.9,,2023-11-30 11:17:25.251000 UTC,,replay,2023-12-01 12:29:06.055000 UTC,0,0,,,,,,,
2023-12-01 12:29:04.916000 UTC,141,13754,404414763159344903|,11162366|,a3323788,u,,"211.204.242.212, 3.37.236.216",2023-12-01 12:25:29.475000 UTC,215521,-,0,0,FALSE,FALSE,a,1.4.9,,2023-11-30 11:17:24.243000 UTC,,replay,2023-12-01 12:29:04.916000 UTC,0,0,,,,,,,
2023-12-01 12:28:59.327000 UTC,141,13754,404414763159344903|,11162366|,a3323788,u,,"211.204.242.212, 13.124.154.181",2023-12-01 12:25:29.475000 UTC,209999,-,0,0,FALSE,FALSE,a,1.4.9,,2023-11-30 11:21:14.959000 UTC,,replay,2023-12-01 12:28:59.327000 UTC,0,0,,,,,,,
2023-12-01 12:28:51.862000 UTC,141,13754,404414763159344903|,11162366|,a3323788,u,,"211.204.242.212, 3.37.236.216",2023-12-01 12:25:29.475000 UTC,202506,-,0,0,FALSE,FALSE,a,1.4.9,,2023-11-30 11:21:07.583000 UTC,,replay,2023-12-01 12:28:51.862000 UTC,0,0,,,,,,,
2023-12-01 12:28:41.876000 UTC,141,13754,404414763159344903|,11162366|,a3323788,u,,"211.204.242.212, 13.124.154.181",2023-12-01 12:25:29.475000 UTC,192498,-,0,0,FALSE,FALSE,a,1.4.9,,2023-11-30 11:20:57.961000 UTC,,replay,2023-12-01 12:28:41.876000 UTC,0,0,,,,,,,
2023-12-01 12:28:31.826000 UTC,141,13754,404414763159344903|,11162366|,a3323788,u,,"211.204.242.212, 13.124.154.181",2023-12-01 12:25:29.475000 UTC,182484,-,0,0,FALSE,FALSE,a,1.4.9,,2023-11-30 11:20:47.249000 UTC,,replay,2023-12-01 12:28:31.826000 UTC,0,0,,,,,,,
2023-12-01 12:28:21.838000 UTC,141,13754,404414763159344903|,11162366|,a3323788,u,,"211.204.242.212, 3.37.236.216",2023-12-01 12:25:29.475000 UTC,172479,-,0,0,FALSE,FALSE,a,1.4.9,,2023-11-30 11:20:37.767000 UTC,,replay,2023-12-01 12:28:21.838000 UTC,0,0,,,,,,,
2023-12-01 12:28:15.934000 UTC,141,13754,404414763159344903|,11162366|,a3323788,u,,"211.204.242.212, 13.124.154.181",2023-12-01 12:25:29.475000 UTC,166524,-,0,0,FALSE,FALSE,a,1.4.9,,2023-11-30 11:24:28.417000 UTC,,replay,2023-12-01 12:28:15.934000 UTC,0,0,,,,,,,
2023-12-01 12:28:09.242000 UTC,141,13754,404414763159344903|,11162366|,a3323788,u,,"211.204.242.212, 13.124.154.181",2023-12-01 12:25:29.475000 UTC,159964,-,0,0,FALSE,FALSE,a,1.4.9,,2023-11-30 11:24:22.117000 UTC,,replay,2023-12-01 12:28:09.242000 UTC,0,0,,,,,,,
2023-12-01 12:27:59.321000 UTC,141,13754,404414763159344903|,11162366|,a3323788,u,,"211.204.242.212, 3.37.236.216",2023-12-01 12:25:29.475000 UTC,149954,-,0,0,FALSE,FALSE,a,1.4.9,,2023-11-30 11:24:11.587000 UTC,,replay,2023-12-01 12:27:59.321000 UTC,0,0,,,,,,,
2023-12-01 12:27:49.272000 UTC,141,13754,404414763159344903|,11162366|,a3323788,u,,"211.204.242.212, 3.37.236.216",2023-12-01 12:25:29.475000 UTC,139939,-,0,0,FALSE,FALSE,a,1.4.9,,2023-11-30 11:24:01.851000 UTC,,replay,2023-12-01 12:27:49.272000 UTC,0,0,,,,,,,
2023-12-01 12:27:39.251000 UTC,141,13754,404414763159344903|,11162366|,a3323788,u,,"211.204.242.212, 13.124.154.181",2023-12-01 12:25:29.475000 UTC,129921,-,0,0,FALSE,FALSE,a,1.4.9,,2023-11-30 11:23:51.184000 UTC,,replay,2023-12-01 12:27:39.251000 UTC,0,0,,,,,,,
2023-12-01 12:27:29.162000 UTC,141,13754,404414763159344903|,11162366|,a3323788,u,,"211.204.242.212, 13.124.154.181",2023-12-01 12:25:29.475000 UTC,119911,-,0,0,FALSE,FALSE,a,1.4.9,,2023-11-30 11:23:41.851000 UTC,,replay,2023-12-01 12:27:29.162000 UTC,0,0,,,,,,,
2023-12-01 12:27:19.161000 UTC,141,13754,404414763159344903|,11162366|,a3323788,u,,"211.204.242.212, 13.124.154.181",2023-12-01 12:25:29.475000 UTC,109904,-,0,0,FALSE,FALSE,a,1.4.9,,2023-11-30 11:23:31.159000 UTC,,replay,2023-12-01 12:27:19.161000 UTC,0,0,,,,,,,
2023-12-01 12:27:09.230000 UTC,141,13754,404414763159344903|,11162366|,a3323788,u,,"211.204.242.212, 3.37.236.216",2023-12-01 12:25:29.475000 UTC,99892,-,0,0,FALSE,FALSE,a,1.4.9,,2023-11-30 11:23:21.490000 UTC,,replay,2023-12-01 12:27:09.230000 UTC,0,0,,,,,,,
2023-12-01 12:26:59.142000 UTC,141,13754,404414763159344903|,11162366|,a3323788,u,,"211.204.242.212, 3.37.236.216",2023-12-01 12:25:29.475000 UTC,89888,-,0,0,FALSE,FALSE,a,1.4.9,,2023-11-30 11:23:12.024000 UTC,,replay,2023-12-01 12:26:59.142000 UTC,0,0,,,,,,,
2023-12-01 12:26:49.143000 UTC,141,13754,404414763159344903|,11162366|,a3323788,u,,"211.204.242.212, 13.124.154.181",2023-12-01 12:25:29.475000 UTC,79878,-,0,0,FALSE,FALSE,a,1.4.9,,2023-11-30 11:23:02.011000 UTC,,replay,2023-12-01 12:26:49.143000 UTC,0,0,,,,,,,
2023-12-01 12:26:43.624000 UTC,141,13754,404414763159344903|,11162366|,a3323788,u,,"211.204.242.212, 13.124.154.181",2023-12-01 12:25:29.475000 UTC,74350,-,0,0,FALSE,FALSE,a,1.4.9,,2023-11-30 11:14:28.627000 UTC,,replay,2023-12-01 12:26:43.624000 UTC,0,0,,,,,,,
2023-12-01 12:26:38.099000 UTC,141,13754,404414763159344903|,11162366|,a3323788,u,,"211.204.242.212, 13.124.154.181",2023-12-01 12:25:29.475000 UTC,68772,-,0,0,FALSE,FALSE,a,1.4.9,,2023-11-30 11:01:04.372000 UTC,,replay,2023-12-01 12:26:38.099000 UTC,0,0,,,,,,,
2023-12-01 12:26:35.744000 UTC,141,13754,404414763159344903|,11162366|,a3323788,u,,"211.204.242.212, 3.37.236.216",2023-12-01 12:25:29.475000 UTC,66362,-,0,0,FALSE,FALSE,a,1.4.9,,2023-11-30 11:01:02.066000 UTC,,replay,2023-12-01 12:26:35.744000 UTC,0,0,,,,,,,
2023-12-01 12:26:25.697000 UTC,141,13754,404414763159344903|,11162366|,a3323788,u,,"211.204.242.212, 3.37.236.216",2023-12-01 12:25:29.475000 UTC,56352,-,0,0,FALSE,FALSE,a,1.4.9,,2023-11-30 11:00:52.572000 UTC,,replay,2023-12-01 12:26:25.697000 UTC,0,0,,,,,,,
2023-12-01 12:26:15.619000 UTC,141,13754,404414763159344903|,11162366|,a3323788,u,,"211.204.242.212, 13.124.154.181",2023-12-01 12:25:29.475000 UTC,46232,-,0,0,FALSE,FALSE,a,1.4.9,,2023-11-30 11:00:41.899000 UTC,,replay,2023-12-01 12:26:15.619000 UTC,0,0,,,,,,,
2023-12-01 12:26:05.518000 UTC,141,13754,404414763159344903|,11162366|,a3323788,u,,"211.204.242.212, 3.37.236.216",2023-12-01 12:25:29.475000 UTC,36167,-,0,0,FALSE,FALSE,a,1.4.9,,2023-11-30 11:00:32.192000 UTC,,replay,2023-12-01 12:26:05.518000 UTC,0,0,,,,,,,
2023-12-01 12:25:55.516000 UTC,141,13754,404414763159344903|,11162366|,a3323788,u,,"211.204.242.212, 3.37.236.216",2023-12-01 12:25:29.475000 UTC,26152,-,0,0,FALSE,FALSE,a,1.4.9,,2023-11-30 11:00:22.700000 UTC,,replay,2023-12-01 12:25:55.516000 UTC,0,0,,,,,,,
2023-12-01 12:25:45.495000 UTC,141,13754,404414763159344903|,11162366|,a3323788,u,,"211.204.242.212, 13.124.154.181",2023-12-01 12:25:29.475000 UTC,16136,-,0,0,FALSE,FALSE,a,1.4.9,,2023-11-30 11:00:11.891000 UTC,,replay,2023-12-01 12:25:45.495000 UTC,0,0,,,,,,,
2023-12-01 12:25:35.960000 UTC,141,13754,404414763159344903|,11162366|,a3323788,u,,"211.204.242.212, 13.124.154.181",2023-12-01 12:25:29.475000 UTC,6574,-,0,0,FALSE,FALSE,a,1.4.9,,2023-11-30 11:00:02.685000 UTC,,replay,2023-12-01 12:25:35.960000 UTC,0,0,,,,,,,
2023-12-01 12:25:29.334000 UTC,141,13754,404414763159344903|,11162366|,a3323788,u,,"211.204.242.212, 13.124.154.181",2023-12-01 12:25:29.475000 UTC,2,-,0,0,FALSE,FALSE,a,1.4.9,,,,replay,2023-12-01 12:25:29.334000 UTC,0,0,,,,,,,
2023-12-01 12:20:22.018000 UTC,141,13458,2325238827717467591|,12347186|,b3755398,u,,"58.125.100.151, 13.124.154.181",2023-12-01 12:20:21.969000 UTC,2,-,0,0,FALSE,FALSE,a,1.4.9,,,,replay,2023-12-01 12:20:22.018000 UTC,0,0,,,,,,,
2023-12-01 12:15:37.206000 UTC,141,13754,432245227282606984|,17007979|,,u,,"220.94.194.184, 3.37.236.216",2023-12-01 12:15:36.856000 UTC,3,-,0,0,FALSE,FALSE,a,1.4.9,,,,replay,2023-12-01 12:15:37.206000 UTC,0,0,,,,,,,
2023-12-01 12:12:14.719000 UTC,141,13458,518147641017373071|,18256609|,aba6444447,u,,"118.235.11.195, 3.37.236.216",2023-12-01 12:12:07.687000 UTC,7209,-,0,0,FALSE,FALSE,a,1.4.9,,2023-11-21 11:00:07.234000 UTC,,replay,2023-12-01 12:12:14.719000 UTC,0,0,,,,,,,
2023-12-01 12:12:07.349000 UTC,141,13458,518147641017373071|,18256609|,aba6444447,u,,"118.235.11.195, 13.124.154.181",2023-12-01 12:12:07.687000 UTC,3,-,0,0,FALSE,FALSE,a,1.4.9,,,,replay,2023-12-01 12:12:07.349000 UTC,0,0,,,,,,,
2023-12-01 12:10:51.357000 UTC,141,13754,539499451246324994|,15334260|,aba3822302,u,,"211.106.50.177, 13.124.154.181",2023-12-01 12:10:45.057000 UTC,6131,-,0,0,FALSE,FALSE,a,1.4.9,,2023-11-30 11:00:02.685000 UTC,,replay,2023-12-01 12:10:51.357000 UTC,0,0,,,,,,,
2023-12-01 12:10:45.184000 UTC,141,13754,539499451246324994|,15334260|,aba3822302,u,,"211.106.50.177, 3.37.236.216",2023-12-01 12:10:45.057000 UTC,1,-,0,0,FALSE,FALSE,a,1.4.9,,,,replay,2023-12-01 12:10:45.184000 UTC,0,0,,,,,,,
2023-12-01 12:08:34.240000 UTC,141,13754,2898682528972796731|,|,,,,"223.38.33.217, 13.124.154.181",2023-12-01 12:08:07.415000 UTC,26622,-,0,0,FALSE,FALSE,a,1.4.2,,2023-11-30 11:00:22.700000 UTC,,replay,2023-12-01 12:08:34.240000 UTC,0,0,,,,,,,
2023-12-01 12:08:24.305000 UTC,141,13754,2898682528972796731|,|,,,,"223.38.33.217, 13.124.154.181",2023-12-01 12:08:07.415000 UTC,16605,-,0,0,FALSE,FALSE,a,1.4.2,,2023-11-30 11:00:12.896000 UTC,,replay,2023-12-01 12:08:24.305000 UTC,0,0,,,,,,,
2023-12-01 12:08:14.230000 UTC,141,13754,2898682528972796731|,|,,,,"223.38.33.217, 3.37.236.216",2023-12-01 12:08:07.415000 UTC,6589,-,0,0,FALSE,FALSE,a,1.4.2,,2023-11-30 11:00:02.388000 UTC,,replay,2023-12-01 12:08:14.230000 UTC,0,0,,,,,,,
2023-12-01 12:08:07.614000 UTC,141,13754,2898682528972796731|,|,,,,"223.38.33.217, 3.37.236.216",2023-12-01 12:08:07.415000 UTC,1,-,0,0,FALSE,FALSE,a,1.4.2,,,,replay,2023-12-01 12:08:07.614000 UTC,0,0,,,,,,,
2023-12-01 12:08:04.363000 UTC,141,13754,1103257553565356130|,|,,,,"175.201.209.178, 13.124.154.181",2023-12-01 12:08:01.626000 UTC,5758,-,0,0,FALSE,FALSE,w,99.0.0,,2023-11-30 11:00:02.685000 UTC,,replay,2023-12-01 12:08:04.363000 UTC,0,0,,,,,,,
2023-12-01 12:07:58.577000 UTC,141,13754,1103257553565356130|,|,,,,"175.201.209.178, 13.124.154.181",2023-12-01 12:08:01.626000 UTC,5,-,0,0,FALSE,FALSE,w,99.0.0,,,,replay,2023-12-01 12:07:58.577000 UTC,0,0,,,,,,,
2023-12-01 12:05:56.815000 UTC,141,13754,2325177675503313913|,12372499|,b3320139,u,,"182.229.40.118, 13.124.154.181",2023-12-01 12:05:55.729000 UTC,641,-,0,0,FALSE,FALSE,a,1.4.9,,2023-11-30 11:00:03.690000 UTC,,replay,2023-12-01 12:05:56.815000 UTC,0,0,,,,,,,
2023-12-01 12:05:56.295000 UTC,141,13754,2325177675503313913|,12372499|,b3320139,u,,"182.229.40.118, 3.37.236.216",2023-12-01 12:05:55.729000 UTC,2,-,0,0,FALSE,FALSE,a,1.4.9,,,,replay,2023-12-01 12:05:56.295000 UTC,0,0,,,,,,,
2023-12-01 12:05:56.268000 UTC,141,13754,2325177675503313913|,12372499|,b3320139,u,,"182.229.40.118, 13.124.154.181",2023-12-01 12:05:55.729000 UTC,1,-,0,0,FALSE,FALSE,a,1.4.9,,,,replay,2023-12-01 12:05:56.268000 UTC,0,0,,,,,,,
